res,x_axis,y_axis,altitude,clust
624,0.7638036062011482,0.6963312545338227,0.9123384105786281,0
387,0.9171652537903139,0.7829553004339342,0.9052315831315655,0
386,0.9159376507065689,0.7548665837428521,0.9677718121548695,0
385,0.9307964640642444,0.8304155130847017,0.9443336964726686,0
384,0.8970634128868457,0.7452436886981123,0.991000459010472,0
383,0.8983177130286093,0.7937181914820086,0.9297307542253214,0
382,0.8968150461452543,0.6852763479590698,0.9733236801415307,0
381,0.8817938198808595,0.7185907801957195,0.9519296307658198,0
377,0.742420976080756,0.7327488618170362,0.6467139709601161,0
376,0.709739475640553,0.7282226002906159,0.7481556880813748,0
375,0.6704980293351384,0.7249314383738684,0.6348937187855104,0
361,0.8698176471833491,0.8554547526369746,0.8769689465502216,0
359,0.8305149602942217,0.7969532073518489,0.9662542761437429,0
388,0.9127001235907132,0.7397824722873446,0.9415057172542799,0
355,0.7002998012540423,0.8471413117556451,0.7480991867304594,0
342,0.7080905243679853,0.7838295155928267,0.741798725234176,0
339,0.835433680684634,0.5899948055387959,0.7694471933998364,0
338,0.8349787974566265,0.6726777246998342,0.9070413281556436,0
337,0.8931336692657644,0.6598557244229468,1.0,0
336,0.8879311488255751,0.6391762393229051,0.9871020072453336,0
335,0.86738253913374,0.6222074658936754,0.8040721174897664,0
334,0.9444674161409337,0.6464139230790154,0.7065383159840052,0
333,0.8346351095410127,0.8128348529647559,0.656747379554932,0
623,0.70881840296034,0.7519582555048506,0.9671610666608959,0
287,0.6351488623756432,0.8133380773747659,0.32770928553545065,0
284,0.6456865574347503,0.9232510830626404,0.41548392833039005,0
249,0.5877508841762125,0.9047415500297726,0.4673018793236151,0
351,0.6942467241376115,0.9471180030791571,0.5937075918491682,0
389,0.9211582274142436,0.8144980960163882,0.811860837152988,0
360,0.8418826040738043,0.7168855938241585,0.9255103792504458,0
410,0.8061237826542917,0.5365499385019974,0.6534732927883434,0
390,0.8964202027276036,0.8291216217677129,0.8321918739177802,0
605,0.783405413772484,0.5969162375805046,0.49621776405369655,0
600,0.871432563568745,0.8343445677061375,0.6077634013861166,0
595,0.6928806718194387,0.8558120914025297,0.584720902718961,0
577,0.8899228009546916,0.9305919288343697,0.6906434462383542,0
576,0.9807372188335455,0.6474406338606652,0.7020028702087675,0
574,0.840329063345669,0.6598474362186685,0.7425432560393469,0
571,0.7618351508665332,0.7459122399558786,0.6609147013756208,0
570,0.7825126582723515,0.8712789651288955,0.6151783837604657,0
555,0.8815281874858409,0.9431697162302091,0.5291600444285673,0
532,0.7194355956720951,0.6581806051436588,0.5322601866514205,0
527,1.0,0.5246277683812857,0.4763960660295499,0
522,0.7693675174944236,0.8850056563708546,0.4328565044949812,0
622,0.6878741119065185,0.8827887762174633,0.8765624071107028,0
412,0.8519256278527315,0.6094555265068559,0.8159255545231938,0
515,0.695834137131546,0.828251457593435,0.34836894339695196,0
411,0.9032318721702359,0.7852504438061522,0.7733390130438277,0
415,0.880620553947374,0.5016848013916241,0.5167456196852135,0
431,0.8473126210865579,0.5599506468498076,0.7949249394366811,0
432,0.909684953135519,0.7330368251523357,0.8451697314344067,0
434,0.9286693830974768,0.7000148508258159,0.841774686256361,0
433,0.9305944772071721,0.7035960343606475,0.8987662455197587,0
435,0.9293417066484366,0.6674394125033271,0.8433391345806585,0
463,0.7263597447635798,0.6327117946467437,0.5723212001608945,0
480,0.8823355948460679,0.5262023942289654,0.7645276895894653,0
481,0.9066555174710604,0.6016875752932531,0.7279086227631569,0
143,0.3997630860292827,0.8132772778383736,0.7106804042701252,1
140,0.35732235762209025,0.7760874697399875,0.6464010878243697,1
142,0.36329207240333367,0.7775194245981588,0.7012107138196799,1
141,0.37431992448479423,0.8492144388169354,0.7078646138687589,1
144,0.4139820075419703,0.7994097937746852,0.6908586660128798,1
155,0.34885588757977753,0.644249071477768,0.5307846147685056,1
146,0.4551272698690295,0.8424679099785001,0.7288228089245359,1
147,0.33107747358150863,0.5623540487552795,0.5645522377069266,1
148,0.46997255499513785,0.8027704464625004,0.6661268649237858,1
139,0.3957147367330829,0.8216269807256847,0.6835473624667958,1
149,0.3844099129228999,0.5986538184102937,0.5556307850132869,1
154,0.334346162820131,0.6015141309015001,0.4760561047213042,1
145,0.3813864464458898,0.7227240760300283,0.6653612030329134,1
138,0.3988950372237059,0.866001930842606,0.7007425060671845,1
131,0.248510579227758,0.561509681387884,0.49884276878744277,1
136,0.39261733603312055,0.822713223307956,0.6410062274029097,1
135,0.37368325193800034,0.7779099632017373,0.6375150553930721,1
134,0.3514334151966921,0.7836182922061997,0.6194993471709612,1
133,0.3877941399630078,0.8282714832949754,0.5992945772431407,1
132,0.4228801776602662,0.8403869683154014,0.6062822375069301,1
130,0.28259849833334416,0.6578811160807861,0.5181908947761827,1
128,0.4244556322277182,0.8599023232155029,0.5360264594674783,1
127,0.31891811666619213,0.7136438073748238,0.45213381988632734,1
126,0.39470374517967,0.8709115571572116,0.4897836586095575,1
125,0.30891905592670893,0.7736025584936891,0.49863490364142166,1
124,0.2081724810115734,0.587092934207898,0.4124708671441687,1
123,0.22485406812713468,0.6555480408023864,0.46753635861592857,1
122,0.20944469982896935,0.7071459728452983,0.5173107256303547,1
137,0.3051560727635596,0.6994238343214999,0.5906162558962178,1
156,0.30575289633277064,0.5348481971832392,0.460041181561465,1
226,0.3635435386455976,0.589304489612381,0.3441209310896827,1
159,0.3405315017191489,0.6701111079344562,0.5329949393833676,1
559,0.13052497067133342,0.5896615103934414,0.5189546309339801,1
380,0.05081714131531494,0.6452285298299663,0.87788197770796,1
121,0.20877018669774716,0.7292633261839665,0.5375261016857448,1
200,0.4654515583842531,0.7727291203765193,0.5605655889878424,1
199,0.37842083141720323,0.5803719823769404,0.5129342312886884,1
198,0.40354292605162917,0.6664159646394522,0.55660777914822,1
195,0.3240318015143907,0.5692400945256868,0.4236412144595365,1
192,0.38281342818070657,0.6471144800125426,0.4534508161222456,1
190,0.37097892676260324,0.6162994493093317,0.44472013839126034,1
189,0.38227199566939063,0.6143522580809271,0.43508273816469983,1
186,0.4892270155832553,0.7818293225276168,0.5100955737719076,1
177,0.45834387240495233,0.6964604712957276,0.6253977351645712,1
175,0.42823138316702064,0.6759719406465684,0.5997224395919856,1
158,0.34556259942028034,0.6843313299384675,0.5130759543419511,1
174,0.43588396505809024,0.7128107174561934,0.6467995363721285,1
172,0.39463156276966,0.6445013151129249,0.5785405264480207,1
171,0.3421987798895678,0.5577261451699362,0.5341597601835453,1
170,0.3374270496641352,0.5754103913073402,0.5736253052854523,1
169,0.4197624107831723,0.7681934081059509,0.6482848204871952,1
168,0.4097153124867252,0.7733530087778433,0.6199437026975976,1
167,0.3845546274405483,0.7356386663723136,0.6228607039716932,1
166,0.3630210553854803,0.6947720060589531,0.6033419257950895,1
165,0.3764534015294975,0.7450165641291397,0.5969403697021209,1
164,0.3778599175302414,0.779730071546516,0.6031439919923683,1
163,0.31631058146227553,0.6602825064132922,0.5111107495548942,1
162,0.2590456702207404,0.5670509421256739,0.4504066325665615,1
161,0.3321385077225295,0.6800853781912595,0.48728143931814266,1
160,0.34047862705004267,0.6672097948095852,0.5027512006313894,1
173,0.36482315349381794,0.557604450221853,0.5684479205543524,1
120,0.2906434976659569,0.8778305886667352,0.5623347359366248,1
1,0.08604411870099105,0.5197105879190764,0.46246377548494044,1
118,0.24630679063641656,0.7234302328628566,0.4852957127109103,1
49,0.3619427720038086,0.9057610266916413,0.7501289406679537,1
50,0.3779703414703619,0.8689831364360018,0.7199626047879712,1
51,0.35186154469207426,0.851505024037783,0.7303560602010243,1
52,0.3669242120352238,0.8509828579889096,0.7574050093980741,1
53,0.4692273437140994,1.0,0.6367717736833522,1
54,0.384581341655836,0.8442135302066113,0.7716427511311793,1
55,0.3922447425730764,0.8350136222420316,0.7523959145334819,1
16,0.2427080311152404,0.777009946461538,0.5221871715513962,1
56,0.3985875368923926,0.8459497553870118,0.7816551696235415,1
14,0.27953452353218144,0.7679730727513854,0.5233895578530504,1
13,0.29026352987065807,0.7654574689877994,0.5639001037476304,1
57,0.3422935865387448,0.7327095150277895,0.7211801007966654,1
58,0.4081773838737468,0.8493182839167657,0.7932394790297176,1
12,0.2076855005699649,0.6226638676344992,0.506411934597303,1
11,0.32647035169296995,0.7590686786106284,0.5795940598515752,1
59,0.3805595399276851,0.8561725886378045,0.7753794101732205,1
10,0.2896897352906473,0.7134412459717314,0.5546706626406719,1
9,0.20216943095578532,0.5554492667197273,0.523438708474092,1
8,0.2513681273256841,0.6341593509229215,0.537512434572388,1
7,0.443777825305792,0.7798258793665159,0.5832888310839496,1
6,0.4770054679939226,0.7998010728229461,0.5805788072683581,1
60,0.37229484590256773,0.8297846586623892,0.7322720753678515,1
5,0.49424704005230274,0.8095108949605314,0.5553814825844887,1
4,0.16672560318466534,0.5208916273705806,0.5174591957229085,1
61,0.2963274472158274,0.6962379975939144,0.6883083636695493,1
62,0.39400807737993304,0.8928504945923033,0.8011972063261051,1
63,0.32122377866366486,0.7961895928131032,0.7143955451636717,1
64,0.3397649782196115,0.8013771603065832,0.6917066347199629,1
65,0.37931158294513034,0.8914621041551262,0.7813236439417688,1
48,0.33477255418640883,0.9058918099832878,0.7310708836087566,1
66,0.3105043550086102,0.8422103056980836,0.7438723650771881,1
47,0.31855623581496245,0.8858948463958374,0.6825346905585021,1
45,0.2767340734660134,0.8368791401120669,0.6714756772711686,1
17,0.16755158134673268,0.6900083379635235,0.47327820145416627,1
18,0.22367347256672995,0.7869146868826463,0.5155701448321325,1
19,0.20928100850457096,0.7888686022010254,0.4931440325272539,1
20,0.19603311110222954,0.7927262230598799,0.4922405073335981,1
21,0.19743778872237414,0.7972128595143562,0.4915776479476382,1
22,0.1847325618806996,0.799845397009973,0.48764402343668006,1
23,0.18765891494683634,0.8078993023221884,0.49749030398978195,1
24,0.17522897357778908,0.8104628034001778,0.48763680291979633,1
25,0.17023510384966398,0.8187037979293098,0.49798147897752953,1
26,0.1670249796238039,0.826195125852764,0.49846073630982046,1
27,0.16975485467234291,0.8409821765121878,0.5256720868151566,1
28,0.1739360708124864,0.8683428356643959,0.5575405797676225,1
29,0.18379939640305623,0.9032929481457128,0.6167087797203529,1
30,0.19251404059330743,0.9227714767840913,0.6533937398752004,1
31,0.19576085544947638,0.9312201720220568,0.6727448588965307,1
32,0.2123795569465883,0.9675150918176073,0.7201884320419604,1
33,0.2121349232623231,0.9436941653755744,0.7090089019489964,1
34,0.22921331515363683,0.9699424756518159,0.7499487116673894,1
35,0.23242456682206625,0.9346025471982828,0.7256943046587131,1
36,0.24775368805285172,0.9537065810717271,0.7621661946546796,1
37,0.2469057013212792,0.9143683919476195,0.7202034014133553,1
38,0.2554659210540868,0.9011528745118877,0.7234123659747204,1
39,0.2650976356230987,0.9152269660090894,0.7206106527309801,1
40,0.2668646177364805,0.865871769551578,0.7026935418154721,1
41,0.2654380158577334,0.8420894142414588,0.6684316277057015,1
42,0.28224195102413024,0.8387002438859541,0.6739203562044962,1
119,0.20428865737948546,0.6840965925740438,0.46640704843804437,1
43,0.2623451556755753,0.8011960359065992,0.6448033003586521,1
44,0.294598649998741,0.832971702298671,0.6769832445272156,1
46,0.2713411694804375,0.8244312891954436,0.6530938943187721,1
67,0.3160117481806227,0.8397470285584455,0.7171735823885411,1
15,0.2476941243935067,0.772560833880571,0.5314137902661868,1
96,0.27439813559782467,0.7614035412567596,0.6123498937893405,1
85,0.24273586766006583,0.579376622295668,0.4063050009867987,1
84,0.22731588332365513,0.603276551656924,0.42480618426745964,1
107,0.3299135175299451,0.8034306790777855,0.5554195390396199,1
108,0.2368939146125051,0.6291494291194497,0.4689702732004486,1
109,0.3029219465372012,0.785439418606088,0.5245951710819696,1
110,0.23305102209024448,0.629400619179068,0.4409464554548328,1
70,0.18039561190813522,0.709852454994244,0.6654630047094138,1
71,0.18401661632288827,0.679354400759031,0.6287481256078004,1
83,0.26102095976658574,0.6872483972765722,0.4952860562872124,1
72,0.1604260139274108,0.6561069602115932,0.6381526369151885,1
82,0.2126697881496456,0.6420815684784191,0.48043058695593455,1
68,0.3050017182698259,0.81289951995742,0.7109881873836562,1
73,0.1635197090396805,0.6790738912302575,0.6437326993516722,1
75,0.16603946012335902,0.7115557729041706,0.6382963434026422,1
81,0.25752804944633473,0.7206341056587933,0.5351202677632944,1
76,0.18012479645642976,0.7241090917250286,0.6250679788892897,1
114,0.2526202471531677,0.7740794407201731,0.4777050825855972,1
113,0.2751632765830724,0.7877851418582229,0.5076036399551992,1
112,0.28312160939477,0.7959206848757824,0.5357432733760374,1
77,0.20185315685574093,0.732194731972964,0.6120797924232385,1
111,0.2510571241516522,0.69641866595571,0.48949376201405076,1
2,0.025168655170346735,0.5787172839195039,0.3313430802492773,1
80,0.21780650560244982,0.7185618206838229,0.5584766403850748,1
79,0.28506786089749764,0.8314468501050705,0.6029371418402951,1
74,0.15784206370783135,0.6733364576363835,0.6140858284859698,1
115,0.21391656680390808,0.6448833026170324,0.4071651618285167,1
78,0.2479709131938904,0.8105219938268488,0.6147873386313547,1
117,0.2493208091927847,0.7192590712319711,0.47028355656172927,1
106,0.3325674827554606,0.7847115029080921,0.5409620725666907,1
116,0.2342323701067782,0.7082614717991272,0.4380630864623784,1
98,0.24218050093841367,0.6698076538940085,0.538167538639174,1
99,0.34259665839184644,0.8234922704316466,0.6495728752442986,1
92,0.13126072986019238,0.5435814034836454,0.47297987130806907,1
97,0.31285136983118467,0.820738970607118,0.6048031130725224,1
93,0.19551633034477472,0.6455971431078104,0.5529309388522684,1
94,0.186744182767159,0.666780174703614,0.5688405152216631,1
101,0.3012908934465712,0.7384763257391156,0.5612862831442065,1
102,0.34226943651045044,0.7985135077090344,0.6249740348924365,1
103,0.3578863777993713,0.7966960910371216,0.6204855398908283,1
95,0.3111325674910176,0.8313894705530969,0.6455389235822133,1
100,0.3447447552302075,0.8138918788470748,0.6168909588479738,1
69,0.18521172351017312,0.6996529419876774,0.6855547306571523,1
105,0.27027963376285696,0.6354629733483455,0.48624847647410435,1
104,0.30436342751516815,0.6806729523784135,0.5353432117600018,1
501,0.6190893793174611,0.16941017652552087,0.1578160780582275,2
523,0.7109800182687197,0.4003053471428406,0.40763878526306135,2
524,0.660157176689991,0.4021127844038796,0.5481868441987562,2
540,0.4373235040829556,0.0,0.12525828534049416,2
378,0.6679314625605121,0.34485492278867536,0.6417029323610949,2
525,0.6811038757673156,0.15814958505675317,0.5146783134283822,2
526,0.6941206211345607,0.2970624996799485,0.48664723071668203,2
507,0.6774797006017611,0.30249958641835517,0.5076382955552153,2
506,0.7549626952007227,0.02726444356100624,0.18314697908031974,2
539,0.4830032033356119,0.16922945780979853,0.23687003559282785,2
425,0.48387525947703014,0.2776408972141713,0.4078323357998716,2
528,0.80933842683727,0.1973017124333377,0.6029915009875016,2
537,0.5306111465434042,0.20285971135395484,0.2987327045855036,2
536,0.5211177118257799,0.12330260754569178,0.2807484396222127,2
529,0.8056216229619904,0.31979174060241833,0.6531343745985928,2
502,0.5622372453675231,0.07645958656622043,0.23497029533057914,2
530,0.7225973315521698,0.15178353262199787,0.5659266289477755,2
535,0.5580492766416285,0.10547662504287812,0.31940524444121554,2
534,0.5722999139560099,0.20145665213964536,0.32017344044392176,2
531,0.9111166367205542,0.2269602111035004,0.3055672051910526,2
505,0.606034876405786,0.08067127290090993,0.276443581940039,2
490,0.4565036680503757,0.18302252888553067,0.2247326841582105,2
394,0.5801972597920071,0.28663221103577036,0.5879298343026949,2
520,0.7410040425789014,0.2104075221523914,0.22178993863722427,2
350,0.585404208016695,0.3342750111161206,0.5873483506506939,2
395,0.5419542117119908,0.38075649563909136,0.5790817697329457,2
341,0.6679247517952163,0.3834437305070306,0.7000251404702791,2
403,0.5763576998877191,0.34361395467480477,0.6332917539636513,2
404,0.5856949452682917,0.36157116034851516,0.6333434682223721,2
405,0.6329339836603768,0.39337394109880514,0.6580669712860433,2
406,0.5758505628424138,0.3011806728264935,0.5823747216914494,2
407,0.6411962006093945,0.3982440856988711,0.6154379594003051,2
357,0.6770204104678663,0.358978516771442,0.7320572263093498,2
331,0.6038309275052848,0.2849928195974627,0.6040452667710612,2
328,0.5196043351055805,0.4065138466527514,0.46041648306693805,2
509,0.6740914808302674,0.3765731589300945,0.5906275088336296,2
541,0.5570292168063016,0.21516532147470244,0.25157542452292514,2
416,0.6114629101644272,0.26203774273914515,0.53639078383862,2
417,0.6407795109969644,0.3115777465052209,0.38366629044933825,2
418,0.5199699310697339,0.2956679547306133,0.3830805766520804,2
419,0.5081025881141791,0.32814316434419755,0.4217371642793053,2
513,0.4982140169590148,0.1549919757926778,0.34278208311073166,2
363,0.749831187683367,0.3981562593878299,0.755293286327924,2
365,0.6412405495530018,0.38845578085024857,0.6292213448394072,2
366,0.7026736001315912,0.4022707309895901,0.45233901587411746,2
504,0.6064871585176911,0.062333770122624595,0.16797497400659792,2
367,0.5848914291172127,0.3041598381785405,0.4093847544236166,2
368,0.5049487218024944,0.32221081995546863,0.46586381086344425,2
503,0.5974935659928367,0.13663464818692628,0.3151463625961199,2
518,0.4703503753521746,0.09789286522475608,0.24601842054496773,2
519,0.582912406114946,0.39962654268851444,0.2818106966546019,2
521,0.540289024907571,0.22307516906902802,0.31003634289621057,2
510,0.6314917995510136,0.2269591747123987,0.359049455010605,2
542,0.4962859096220837,0.08211605812284183,0.18944719010558153,2
543,0.9024471458562804,0.03376219120388454,0.0,2
465,0.5321979388890853,0.31219919545710234,0.407459811877145,2
464,0.5584527847673865,0.2427998842866734,0.42695396049325673,2
592,0.6735464918162225,0.2878547785711788,0.5334640427438676,2
590,0.6489383271114263,0.20325339698546088,0.45357232875089815,2
462,0.6199195131199077,0.23485023620363138,0.4847355389595134,2
461,0.6741007976135988,0.24936025231517117,0.5619544945504558,2
588,0.5567979508986102,0.1547459242679404,0.34154785196974097,2
460,0.6881080813132513,0.3815376371321117,0.5607646433733761,2
459,0.650211979618195,0.27887432534252043,0.4934603976317452,2
458,0.6116116361348097,0.21046399173624417,0.4173730380004784,2
457,0.6516260938535364,0.3614014673285926,0.36239637865527935,2
379,0.7282789703375953,0.4013292181127838,0.7141308682888482,2
455,0.607084465452697,0.3132398261018234,0.44255122528621,2
454,0.48074104909418036,0.1343736065247399,0.2983187196847046,2
453,0.4593875157808191,0.11954376689817794,0.30413621444160427,2
466,0.47441016660091484,0.126753740822939,0.3079798704641607,2
452,0.5114309922739866,0.18071945713367749,0.387595103084789,2
496,0.44990306797697616,0.15873998077603657,0.19690705338473638,2
494,0.5490014026713017,0.337997012359589,0.310063419426606,2
487,0.5730633541370549,0.24431738171959844,0.36075224055198557,2
486,0.5885391875970906,0.17256739704400162,0.3460994538479928,2
485,0.5902597844937966,0.15500621575559306,0.331739809541636,2
484,0.6582462355953048,0.2216439482527638,0.4532913533450534,2
604,0.6173800187899998,0.3453081867575951,0.5713309539994619,2
603,0.6434439303920158,0.3385156648553784,0.5835016361878181,2
483,0.6958103697824882,0.23510991164907874,0.5134921047102476,2
602,0.7070567515213546,0.28636591356164554,0.6656524807277171,2
482,0.7609725321959466,0.25909638051421147,0.5632298130800971,2
479,0.7254939332669947,0.3678611493812039,0.5684253405771563,2
478,0.7043651804549776,0.2767733860973901,0.5684130828276323,2
477,0.644077651831016,0.2511034674315706,0.49940054149469365,2
476,0.5960371576106271,0.18855494189402774,0.4090704201030364,2
473,0.489595711955084,0.23270113581085256,0.25960451606232127,2
472,0.47928306329055514,0.2811239036188,0.28862217888207864,2
495,0.4549289380826555,0.20257127338764408,0.26930895292663637,2
451,0.48539260593565103,0.18532295096212445,0.38883504227251964,2
456,0.5974520906448597,0.3106336779600421,0.3481949848474374,2
547,0.7884197693488604,0.04674596115316598,0.1356451057469227,2
561,0.5102859622333697,0.40522529095262466,0.46040171191962387,2
500,0.5075020558812008,0.09992811333026265,0.2227962175184057,2
439,0.6473649114882889,0.34607298350220705,0.5181854679633233,2
450,0.5589269512899805,0.31679091303306545,0.49330847228035357,2
566,0.5263443137727111,0.30867117759186835,0.443342620047725,2
554,0.6783492122085245,0.2571981868455525,0.5529495836667286,2
568,0.5856315713522704,0.18660896772529192,0.48827976349463303,2
430,0.706940478779935,0.4130429269966426,0.6392487252363953,2
552,0.7323536176391595,0.36372071121422883,0.6121230946813133,2
428,0.531076724758249,0.22796839246780617,0.392351937088751,2
550,0.7851573258963914,0.39796064870166536,0.38992420056508315,2
427,0.5210288408132564,0.1988003850755086,0.42608596895983125,2
548,0.5857486988888932,0.05844069035396683,0.3658913672137058,2
438,0.6334136297073002,0.2756577291267059,0.48731617299561913,2
442,0.5403504094409805,0.3622325587862385,0.4542610763083413,2
562,0.49743338994027025,0.3810697939505746,0.46009020329997596,2
572,0.7524131799201648,0.2300230975837321,0.668611598180388,2
449,0.49912480726996045,0.2515788339895723,0.4621231775719497,2
544,0.517853080205747,0.03394278392272329,0.21968819798302006,2
497,0.487414569955507,0.19128426096180684,0.2508321434993983,2
579,0.7061941390250325,0.386814906495023,0.623534581712553,2
443,0.5507308817036084,0.39956051944508053,0.49448638829115354,2
498,0.48548322054711707,0.15899045913459062,0.2159073622023976,2
426,0.507261078319435,0.2943069704288677,0.3595308798365096,2
499,0.7448220033603676,0.3394818957156027,0.23182193435690124,2
444,0.47927064395655256,0.3255905975558427,0.43337899855893225,2
546,0.5966662420765404,0.15952295602270386,0.23304416509256093,2
575,0.8980026038257127,0.4028832763884843,0.8758102685136125,2
573,0.7762005063201245,0.31680778972996604,0.6902575087790458,2
545,0.5542847828161492,0.10416836561590645,0.20341167087407463,2
429,0.7504561256678126,0.4826436207266531,0.47385577070791096,3
475,0.6568118058136833,0.511784970853516,0.49093267289507914,3
474,0.6180205658750874,0.4741545925470232,0.44453741564707966,3
489,0.6219252099459637,0.4490821077812526,0.39876988992587653,3
414,0.7703008255066448,0.4543257961651083,0.7415809882654503,3
393,0.6453638664853928,0.4820310822639416,0.626299835199543,3
468,0.7168565018950372,0.5074000343582492,0.26227935400384433,3
413,0.7446241528651201,0.4789929910985648,0.6616262045656501,3
448,0.6208332103146872,0.508303721167561,0.5741757711648451,3
409,0.7430608957944468,0.5322457998821644,0.6731379319496938,3
408,0.7190582247138042,0.46355630631159106,0.6756792429817986,3
420,0.6534562752154521,0.6457726230144786,0.41945422192516135,3
441,0.7388636907635552,0.6075308648285157,0.5943178607097812,3
402,0.5936795101853931,0.5249828731919275,0.7046387227136203,3
401,0.5971592516771229,0.6406595522866722,0.6783388113197564,3
400,0.563179984374064,0.6155410112094613,0.6979937436030701,3
399,0.5116148017471867,0.5477945390372678,0.6250042145964833,3
398,0.6143565233878536,0.7842169582307508,0.7340476594719172,3
397,0.6096551831258649,0.7140026098062424,0.6922479433699684,3
396,0.5640321644748882,0.4921764536597902,0.6384479795830876,3
440,0.7111946519189366,0.5599329214899851,0.5440739528736779,3
392,0.7430029327034288,0.5253881026391243,0.7413015513028697,3
391,0.7841039888680338,0.5185771835511577,0.7530721284960146,3
467,0.514411392368792,0.42858316761104265,0.36993447744354174,3
437,0.750350244778142,0.46403103693028286,0.5676878325815605,3
607,0.5478299033535979,0.508755502544266,0.5248800530572442,3
615,0.493693687568513,0.5056326229109261,0.5939546366693634,3
369,0.5710930215939307,0.589928243567027,0.5717266521849574,3
587,0.5846871855989835,0.6495392573909687,0.458280105465434,3
586,0.6138927783046915,0.6158885392869475,0.5034934411449566,3
585,0.5537135563663027,0.46903314482703706,0.40697354214380177,3
176,0.39597543643472655,0.57003680449281,0.5617015839224903,3
584,0.574944445062137,0.46109533880739,0.4036046621264184,3
228,0.4650831637146738,0.6829068435533039,0.4024928561198223,3
583,0.5813957936708276,0.42360722915408316,0.5291256172771053,3
230,0.4458035206307803,0.6582619130541564,0.40501436378531175,3
231,0.4968278189423242,0.7288388888739887,0.4629581331275413,3
232,0.41837970742444613,0.5329016862486786,0.40009528067770184,3
589,0.6648811586735776,0.6043286005692792,0.507705587243836,3
582,0.6192352351602244,0.6044451912219814,0.6197547902789133,3
236,0.45827127029571446,0.5724279192878484,0.48172883531426725,3
238,0.5543687328128135,0.7658439604438926,0.5740901750476508,3
239,0.45030571730004365,0.5076400732792603,0.47206294524932885,3
578,0.7086321175924472,0.43552265091244824,0.6831920374350947,3
250,0.46471734888759875,0.6056761046538613,0.3754722938602838,3
569,0.7014634972473122,0.6444397048829604,0.5430244326727185,3
252,0.4268446496820459,0.5953289126667363,0.3821645966165821,3
567,0.5635730575900901,0.42547960252585587,0.52984807920456,3
565,0.559630491383288,0.5447539091978499,0.5196239351752774,3
563,0.4789545846216334,0.42476336991443686,0.39960451820354514,3
580,0.6549572733695994,0.46028808305927577,0.6180840287673063,3
220,0.4132795896614986,0.5813361475369524,0.43204357594539505,3
591,0.6627202648612552,0.6171998248378736,0.57973416194352,3
593,0.6206040037396883,0.484387975504387,0.5696245528912677,3
606,0.6492880719536723,0.6978112007908455,0.6714178721067664,3
185,0.4112735091561186,0.6013544399190216,0.4642706362456872,3
608,0.5379158816916222,0.5549496029288948,0.5438028926256704,3
609,0.48592393682961743,0.42566779011233263,0.5069797189343784,3
182,0.47371158898808713,0.6754355550734515,0.5268300241287412,3
601,0.7610771470174903,0.46751315515294334,0.793602082846086,3
610,0.5443464652018816,0.6226564675819677,0.49827724816143415,3
180,0.46160873679829834,0.6458929339770801,0.5659910069369034,3
179,0.4036019239141332,0.544287236629903,0.5247050510200095,3
178,0.4163959139066075,0.585572296311755,0.5713373762349335,3
202,0.4220528927459236,0.6196320120315819,0.5248547390091847,3
203,0.444542237596042,0.662024130749097,0.5471109786677623,3
599,0.7552302157250522,0.4323884762674621,0.690702988552115,3
205,0.4427723186078299,0.6126116571238742,0.5231616954772403,3
598,0.7076426273129298,0.6096971189703824,0.7251340564895339,3
597,0.6491160985934762,0.6253135241534379,0.7415701894703444,3
208,0.43633160145297395,0.5619266197189159,0.4618871729603604,3
209,0.49972348364949787,0.682196934845446,0.5715690162836832,3
210,0.4766657820034127,0.6237075327291294,0.5393682219299373,3
596,0.6658309440889228,0.6710228648385579,0.7574151331024812,3
212,0.5223064788537638,0.6965586259430784,0.5344794475225921,3
594,0.6202384377507763,0.5980341838372352,0.6495825853075406,3
215,0.41508951754843687,0.5272181145972579,0.4388727661737635,3
374,0.5314284784776918,0.47283631163299006,0.5154691788421037,3
558,0.6623954204718164,0.6779131909994902,0.6595198393933283,3
560,0.6328675418412871,0.722815585539785,0.5486687524108007,3
556,0.6926768712799543,0.45810434887359464,0.6658868036682812,3
612,0.4947335818428884,0.49414034875148477,0.543290489292252,3
613,0.5077626475237099,0.5649270516517458,0.5798500789019027,3
614,0.5097083190036157,0.5654059034649812,0.6669596551686482,3
340,0.7584593239793378,0.4983848557339305,0.8289745918776635,3
616,0.5313298822289211,0.5322686377797736,0.6977419299679443,3
343,0.6033706415760848,0.5024739609831097,0.7035148882486947,3
344,0.5946943615997619,0.6806038335100117,0.7033602330046945,3
345,0.5518346664275384,0.43473927087047903,0.6073578379020015,3
346,0.5653921951475398,0.6830500539910069,0.6054521840194977,3
347,0.5576883561865762,0.6832650516505191,0.6374925445343531,3
348,0.5522435951905618,0.7269725119680485,0.6012378925248072,3
349,0.5125969380439814,0.5438756398301301,0.5807384691011621,3
617,0.6107902080397438,0.7814949135311708,0.8094219973641085,3
352,0.603570153059242,0.6900986252998481,0.7683102053430004,3
353,0.6050960880496671,0.7114582332310632,0.7893166427216304,3
354,0.6448689037028498,0.7476865653032877,0.8195309718401269,3
618,0.5558049012818058,0.58890926149579,0.7450941753814411,3
356,0.6647097418146957,0.5825185417904132,0.7073944786510972,3
358,0.7515493409981541,0.512700799556262,0.6884248175272324,3
619,0.6002898320258636,0.7269762696558772,0.8424734661885134,3
620,0.6321361074029077,0.6604361087837278,0.8454301943053408,3
362,0.7856136024878813,0.5037967794690114,0.8281180653591794,3
364,0.7431208145090125,0.5296290270321751,0.7511697259555143,3
557,0.7039798940033896,0.5631034272738747,0.53446241034646,3
332,0.7025809131962536,0.5947017688693917,0.7062322600461302,3
611,0.46998343413905325,0.45621469817458427,0.527213114112953,3
329,0.5944375773191019,0.6416569915046053,0.633829705922541,3
268,0.5473809442553595,0.7556096311287035,0.36047244665237105,3
553,0.7189647061458868,0.6248907823099853,0.6288061118433593,3
270,0.4691061294839146,0.6214484341695004,0.368164210692764,3
551,0.6979826208052212,0.6682507647849482,0.5526416883130546,3
273,0.5454487172221694,0.6759277503023721,0.39550328822486,3
280,0.46911979550728033,0.4769245609313393,0.3723124210497627,3
538,0.6919278522265649,0.6605535476873188,0.41786199357573645,3
533,0.6808538434267134,0.5252597983152877,0.46093694758234416,3
330,0.588254102289328,0.4499622686894764,0.5545418838407394,3
516,0.6231422357404652,0.7456906655375707,0.41430217268139663,3
305,0.5102196402134086,0.4883781651459926,0.3115382791361881,3
514,0.6297429254043898,0.6889479791233966,0.510049259396095,3
327,0.5735043745442713,0.7108285028652351,0.6411289403950191,3
326,0.5376641068412845,0.657860220966759,0.6174518151239728,3
325,0.49684409556179304,0.5801250733203587,0.5919122636175554,3
322,0.48934584706235196,0.6086158015399709,0.5308281202212414,3
508,0.7325292950184629,0.5738513152830932,0.6107209530278987,3
319,0.47888041225258665,0.5204232883882568,0.4293683040654413,3
511,0.5836188802512716,0.41921717699841693,0.4756856062771613,3
512,0.7365145154287477,0.43488602157009154,0.337917253893335,3
320,0.5733958279201492,0.7792164791284564,0.5125734862321764,3
549,0.0,0.3043718039774997,0.2896653102552292,4
581,0.15482670197879594,0.37313312981365415,0.45198214278912147,4
564,0.4789091515350982,0.3896035103787102,0.3608672543157233,4
3,0.13928144392769531,0.45031337171659536,0.35021805235868747,4
621,0.19933438419088026,0.44999584840133366,0.7051714184855624,4
493,0.3972224313657473,0.1346321306496522,0.18258534071370341,4
517,0.43803305575817864,0.13646391053025703,0.2161481377068703,4
492,0.39588226254323483,0.11730634574494742,0.16519711374879553,4
372,0.4512910995813168,0.3623187093000961,0.45399263289460423,4
488,0.20678908137603896,0.3738134247969626,0.3383957652754711,4
221,0.28960869048917326,0.30743943244261673,0.26817165920248437,4
222,0.323760622150264,0.5166342111256891,0.3628738602994416,4
223,0.3320686455410854,0.47500746650135617,0.335532154276168,4
224,0.25920760203749704,0.2701818496758744,0.19204011632971382,4
225,0.2781554068766249,0.2977070550550133,0.19411525913228167,4
227,0.29881362594094457,0.3342965053815747,0.24743721634825738,4
229,0.3055581455891529,0.2826010083819203,0.21819710715198412,4
233,0.36308429899309047,0.3458900003829237,0.2851492293633225,4
234,0.3473016302776322,0.26731979511008275,0.2871218621401379,4
235,0.3885572388281008,0.34463413076323535,0.3349918508953544,4
237,0.37959902416797275,0.3407801070811902,0.36491006976804385,4
240,0.41712169415899936,0.3677864272026093,0.41110454133479657,4
241,0.4370167372053571,0.41844658806952345,0.4053273285247875,4
242,0.39316623925234634,0.31683620414529323,0.3189502466487473,4
243,0.37274601739080054,0.28183071341762383,0.3014285550388596,4
244,0.38800886234098325,0.376064706114952,0.3669304137538193,4
245,0.40486728259361854,0.45642179323573223,0.3828470502232891,4
246,0.3301695415332034,0.21919797877137565,0.23710262138210786,4
247,0.3575623380222863,0.36221536239744684,0.32634051589145835,4
248,0.33369633365158485,0.30076569047074775,0.2923860242377733,4
251,0.32350093508194105,0.42131862313999735,0.3457548371030866,4
253,0.2855490189138372,0.36902323607800624,0.26260748799558115,4
254,0.2699554025805183,0.27044198269864306,0.2214521162732876,4
255,0.2640404258474718,0.2802491597981095,0.22888561424533455,4
256,0.24580201150974607,0.3386423309430083,0.22702329870853746,4
257,0.21846161498109112,0.16039411687129235,0.10489924589485278,4
258,0.2027455054096647,0.18427491722586212,0.08687287132058058,4
259,0.21844401426790244,0.23233072210472142,0.11326952826828335,4
260,0.2523218669116015,0.2900938349447342,0.16949274682249096,4
219,0.3174741985075663,0.3824970379469363,0.34105850215181893,4
261,0.2448158955034239,0.2910935635635363,0.16061437244240845,4
218,0.28568961359995115,0.29602392873881317,0.3047469786882805,4
216,0.33603887158599394,0.3356677048410367,0.3543620196440583,4
129,0.24406569618288887,0.5040753843648081,0.4043338173258584,4
91,0.11837011865037014,0.4799265558485376,0.4345032902952076,4
150,0.310530289906255,0.47750826328162843,0.469282023127055,4
151,0.30513508741137757,0.5093060163955027,0.4678224956910882,4
152,0.3035624410809602,0.48177597075240597,0.46405975808478866,4
153,0.3072790475446847,0.486520864977555,0.42606282217927005,4
90,0.0936997494025719,0.4081911848574014,0.3605588404650205,4
89,0.06637538456191487,0.33916393687584023,0.33094313967297095,4
88,0.10584708929724278,0.32329676010764835,0.29923503649037303,4
157,0.2824138242283858,0.5056510103816474,0.4083433688951871,4
87,0.08625813778896008,0.261887810322927,0.23242749522787834,4
86,0.21019200975946675,0.5028822795084196,0.3412806451084962,4
181,0.3406613599816814,0.3488545457526546,0.3989219209425522,4
183,0.341806030378088,0.4203035775750167,0.41079463298806096,4
184,0.3606422360422183,0.4456697411016716,0.42502203440242725,4
187,0.3410926911149976,0.46374939597262027,0.409441589271524,4
188,0.3348605429353284,0.44448308683086457,0.3803194412206687,4
191,0.3031847325405911,0.4458533191818336,0.380778178068996,4
193,0.302281351604344,0.4875406330474641,0.34778258423996133,4
194,0.2910975498292623,0.49515744552260643,0.3779656592489651,4
196,0.30964129775162735,0.5131218108161159,0.42936511279843653,4
197,0.3282527090209636,0.5177052072350797,0.4372634360952536,4
201,0.36030118127835375,0.4802178756523009,0.4465778410696423,4
204,0.3533923535147868,0.40429260366330594,0.392497103766085,4
206,0.3909997225744914,0.46368522144146646,0.4635697791641936,4
207,0.3802336570057263,0.43810618679735364,0.4210040994454898,4
211,0.35336710265674554,0.30889248640004835,0.35686253409905805,4
213,0.40376371233250086,0.460304348877437,0.45457747825841266,4
214,0.364085882960252,0.3965686757651812,0.39435218479104045,4
217,0.35896028799183094,0.44282350027617456,0.40758103209426516,4
262,0.24596510933733562,0.282068687215711,0.13449894128103207,4
263,0.25676660573175175,0.43777301442503336,0.2605854465580007,4
264,0.29170470040667157,0.31408587647653424,0.1916533851590569,4
306,0.35101785024203175,0.0802370440610383,0.091593758932536,4
307,0.364991833155911,0.08886779132352046,0.11274028872386029,4
308,0.37308002398142426,0.0864182035604091,0.14457052575370463,4
309,0.37316862979571097,0.06516483957660693,0.12804752412339912,4
310,0.40955839854788406,0.19102443305610745,0.18311674548495183,4
311,0.3965267765171949,0.0642745712291983,0.1419253500927736,4
313,0.40338961016725994,0.08055755614405966,0.15445203448189992,4
314,0.4241780119673412,0.37872109511725727,0.22296294477804515,4
315,0.3971940825851813,0.23521560500172448,0.20218753226672675,4
316,0.39052925623977053,0.149062280258426,0.21089121286342877,4
317,0.4382232930610685,0.42489315729399146,0.33303594930787644,4
318,0.3942138395311133,0.26432147705517733,0.24138659115251704,4
321,0.42001474363570046,0.35081493232541017,0.38206360393031036,4
323,0.4143421967743672,0.448707399254723,0.41435839565074745,4
324,0.42807627949380217,0.40311937184860896,0.4838417726403118,4
370,0.474680450015409,0.3917913444213367,0.45691582998100894,4
371,0.4475170562502415,0.37377396021917336,0.4351940925411994,4
373,0.45204043220710205,0.27837341866649623,0.4562814365056399,4
421,0.42303807761384304,0.17688050866734562,0.28173565319071253,4
422,0.4026226702137121,0.1854278368867248,0.2682373258573019,4
423,0.41399671711701236,0.21796041732663535,0.3204382405428668,4
424,0.4512555673113473,0.2617718743737292,0.36350511408805103,4
436,0.0518991953906873,0.4516495775785271,0.7660550825231379,4
445,0.44309690139945795,0.23960444494644423,0.4090430208528064,4
446,0.4520067164431432,0.34357296747259786,0.44510093391790867,4
447,0.41651489612068077,0.2010769850811408,0.4014664794473082,4
469,0.4300576587989003,0.24948981923997207,0.22067951311333064,4
470,0.4814292425048307,0.37152923369301466,0.34520999694964855,4
471,0.4307896578096228,0.12123725774581491,0.22341772429279008,4
304,0.37791716336473746,0.26943234913016867,0.20068796705801467,4
303,0.33216908195363437,0.10546163669849334,0.0820053430046657,4
302,0.3276417493926722,0.15470080052141733,0.10696577416018967,4
301,0.31334728357374925,0.09174423695610587,0.09090602678658707,4
265,0.2534499231509146,0.44336642714606805,0.2674882071074764,4
266,0.3106004826593397,0.3637349412700231,0.21019314255892046,4
267,0.31949377223995884,0.31102510386533266,0.21281764259102598,4
269,0.3365403441198893,0.28489856653793827,0.19435326717406406,4
271,0.3635801907743013,0.3022136374514532,0.2566842009097114,4
272,0.3718479535605926,0.26299359933060484,0.24495924516219053,4
274,0.38002805260544426,0.2009023654957017,0.21463128455719105,4
275,0.39305041573678623,0.24005673192902563,0.2612953567081523,4
276,0.3979556666291285,0.2828968794738302,0.2795117120143466,4
277,0.37819241819652555,0.18079735446530956,0.23106180367741938,4
278,0.4189032617973132,0.32197363317559075,0.287277993857552,4
279,0.4140890065277858,0.3439531092835332,0.315254231855212,4
281,0.43451219506917205,0.45530937318168174,0.3341245766840379,4
282,0.35240210281241885,0.2886694338479935,0.2503852159707359,4
491,0.44673142776151664,0.1952374937151628,0.24152703810276688,4
283,0.31616854263357547,0.151367684194237,0.17974612102736248,4
286,0.2839545734475039,0.21609601648001542,0.1909436477605716,4
288,0.27153087987267116,0.2129686792053473,0.18505913946472416,4
289,0.2365431938297164,0.24775768914618548,0.19157629842591872,4
290,0.2506873686255791,0.22491701518406532,0.15319716490428648,4
291,0.25687996610062686,0.08315043140794835,0.06814992058099728,4
292,0.2468155868717607,0.0852797555947815,0.05041813148778372,4
293,0.2267592427816101,0.13773082420961996,0.05046907121130714,4
294,0.23981285152110124,0.19210764920143253,0.07117431971238407,4
295,0.19315384960405785,0.29989288042746864,0.14551328419264936,4
296,0.27437761159297824,0.20810863592619017,0.07756018122864661,4
297,0.28052797008613173,0.1467430097346794,0.07295515587334113,4
298,0.27870085754718554,0.0845359804607721,0.04629103960915334,4
299,0.28466328523105283,0.06553037239124872,0.016301060128178255,4
300,0.3145891495356237,0.35591178227564657,0.21325924991525988,4
285,0.3055901481818486,0.22278651162970328,0.17702951039822845,4
312,0.33225062419872214,0.07306973582411883,0.04662797973919954,4
