gsea0,gsea1,gsea2,geometry,Gi_gsea0,Gi_gsea1,Gi_gsea2,Gi_sum
0.0,0.0,0.0,POINT (0.7638036062011482 0.6963312545338227),0.05332772530255447,0.49654562224760873,-0.04009634698823127,0.5097770005619319
0.0,0.0,0.0,POINT (0.917165253790314 0.7829553004339342),-0.2542725307964521,-0.11924159074298356,-0.04009634698823127,-0.413610468527667
0.0,0.0,0.0,POINT (0.9159376507065689 0.7548665837428521),-0.2542725307964521,-0.11924159074298356,-0.04009634698823127,-0.413610468527667
0.0,0.0,0.0,POINT (0.9307964640642444 0.8304155130847017),-0.2542725307964521,-0.11924159074298356,-0.04009634698823127,-0.413610468527667
0.0,0.0,0.0,POINT (0.8970634128868457 0.7452436886981123),-0.2542725307964521,-0.11924159074298356,-0.04009634698823127,-0.413610468527667
0.0,0.0,0.0,POINT (0.8983177130286093 0.7937181914820086),0.41693625450064137,-0.11924159074298356,-0.04009634698823127,0.2575983167694265
0.0,0.0,0.0,POINT (0.8968150461452543 0.6852763479590698),-0.25427253079645207,-0.11924159074298354,-0.040096346988231266,-0.4136104685276669
0.0,0.0,0.0,POINT (0.8817938198808595 0.7185907801957195),-0.2542725307964521,-0.11924159074298356,-0.04009634698823127,-0.413610468527667
3119.480839,2782.44309817384,0.0,POINT (0.742420976080756 0.7327488618170362),-0.2512953533299169,-0.11346058029222762,-0.04009634698823127,-0.4048522806103758
0.0,0.0,0.0,POINT (0.709739475640553 0.7282226002906159),0.15586114400222328,0.7018080265778063,-0.040096346988231266,0.8175728235917983
0.0,0.0,0.0,POINT (0.6704980293351384 0.7249314383738684),-0.25427253079645207,-0.11924159074298354,-0.040096346988231266,-0.4136104685276669
0.0,0.0,0.0,POINT (0.8698176471833491 0.8554547526369746),0.5128232238287977,-0.11924159074298354,-0.040096346988231266,0.3534852860975829
0.0,0.0,0.0,POINT (0.8305149602942217 0.7969532073518489),0.6406725162663394,-0.11924159074298356,-0.040096346988231266,0.4813345785351245
0.0,0.0,0.0,POINT (0.9127001235907132 0.7397824722873446),-0.2542725307964521,-0.11924159074298356,-0.04009634698823127,-0.413610468527667
0.0,0.0,0.0,POINT (0.7002998012540423 0.8471413117556451),-0.2542725307964521,-0.11924159074298356,-0.04009634698823127,-0.413610468527667
0.0,0.0,0.0,POINT (0.7080905243679853 0.7838295155928267),-0.2542725307964521,-0.11924159074298356,-0.040096346988231266,-0.413610468527667
0.0,0.0,0.0,POINT (0.835433680684634 0.5899948055387959),-0.2542725307964521,-0.11924159074298356,-0.04009634698823127,-0.413610468527667
0.0,0.0,0.0,POINT (0.8349787974566265 0.6726777246998342),-0.2542725307964521,-0.11924159074298356,-0.040096346988231266,-0.413610468527667
0.0,0.0,0.0,POINT (0.8931336692657644 0.6598557244229468),-0.2542725307964521,-0.11924159074298356,-0.04009634698823127,-0.413610468527667
0.0,0.0,0.0,POINT (0.8879311488255751 0.6391762393229051),-0.2542725307964521,-0.11924159074298356,-0.040096346988231266,-0.413610468527667
0.0,0.0,0.0,POINT (0.86738253913374 0.6222074658936754),-0.2542725307964521,-0.11924159074298356,-0.04009634698823127,-0.413610468527667
0.0,0.0,0.0,POINT (0.9444674161409335 0.6464139230790154),-0.2542725307964521,-0.11924159074298356,-0.04009634698823127,-0.413610468527667
6806.960993,0.0,0.0,POINT (0.8346351095410127 0.8128348529647559),-0.25097701396909167,-0.11924159074298356,-0.04009634698823127,-0.4103149517003065
0.0,0.0,0.0,POINT (0.70881840296034 0.7519582555048506),0.15586114400222328,0.7018080265778063,-0.040096346988231266,0.8175728235917983
0.0,0.0,0.0,POINT (0.6351488623756432 0.8133380773747659),0.26687953880660303,-0.11924159074298356,-0.04009634698823127,0.10754160107538818
0.0,0.0,0.0,POINT (0.6456865574347503 0.9232510830626404),-0.2542725307964521,-0.11924159074298356,-0.04009634698823127,-0.413610468527667
0.0,0.0,0.0,POINT (0.5877508841762125 0.9047415500297726),0.5274555736081308,-0.11924159074298356,-0.040096346988231266,0.3681176358769159
0.0,0.0,0.0,POINT (0.6942467241376115 0.9471180030791572),-0.2542725307964521,-0.11924159074298356,-0.04009634698823127,-0.413610468527667
0.0,0.0,0.0,POINT (0.9211582274142436 0.8144980960163882),-0.2542725307964521,-0.11924159074298356,-0.04009634698823127,-0.413610468527667
0.0,0.0,0.0,POINT (0.8418826040738043 0.7168855938241585),-0.2542725307964521,-0.11924159074298356,-0.040096346988231266,-0.413610468527667
0.0,0.0,0.0,POINT (0.8061237826542917 0.5365499385019974),-0.2542725307964521,-0.11924159074298356,-0.04009634698823127,-0.413610468527667
0.0,0.0,0.0,POINT (0.8964202027276036 0.8291216217677129),-0.2542725307964521,-0.11924159074298356,-0.04009634698823127,-0.413610468527667
0.0,0.0,0.0,POINT (0.783405413772484 0.5969162375805046),-0.2542725307964521,-0.11924159074298356,-0.04009634698823127,-0.413610468527667
0.0,0.0,0.0,POINT (0.871432563568745 0.8343445677061375),1.0881450397977348,-0.11924159074298356,-0.04009634698823127,0.92880710206652
0.0,0.0,0.0,POINT (0.6928806718194387 0.8558120914025297),-0.2542725307964521,-0.11924159074298356,-0.04009634698823127,-0.413610468527667
0.0,0.0,0.0,POINT (0.8899228009546916 0.9305919288343696),-0.2542725307964521,-0.11924159074298356,-0.04009634698823127,-0.413610468527667
0.0,0.0,0.0,POINT (0.9807372188335456 0.6474406338606652),-0.2542725307964521,-0.11924159074298356,-0.04009634698823127,-0.413610468527667
0.0,0.0,0.0,POINT (0.840329063345669 0.6598474362186685),-0.25427253079645207,-0.11924159074298354,-0.040096346988231266,-0.4136104685276669
0.0,0.0,0.0,POINT (0.7618351508665332 0.7459122399558786),0.09727061903098404,0.5845152241034078,-0.040096346988231266,0.6416894961461606
0.0,0.0,0.0,POINT (0.7825126582723515 0.8712789651288955),0.34235750057874204,-0.11924159074298356,-0.04009634698823127,0.18301956284752718
0.0,0.0,0.0,POINT (0.8815281874858409 0.9431697162302092),-0.2542725307964521,-0.11924159074298356,-0.04009634698823127,-0.413610468527667
0.0,0.0,0.0,POINT (0.7194355956720951 0.6581806051436588),-0.2542725307964521,-0.11924159074298356,-0.04009634698823127,-0.413610468527667
0.0,0.0,0.0,POINT (1 0.5246277683812857),-0.2542725307964521,-0.11924159074298356,-0.04009634698823127,-0.413610468527667
0.0,0.0,0.0,POINT (0.7693675174944236 0.8850056563708546),-0.2542725307964521,-0.11924159074298356,-0.04009634698823127,-0.413610468527667
0.0,0.0,0.0,POINT (0.6878741119065185 0.8827887762174633),-0.2542725307964521,-0.11924159074298356,-0.040096346988231266,-0.413610468527667
0.0,0.0,0.0,POINT (0.8519256278527315 0.6094555265068559),-0.2542725307964521,-0.11924159074298356,-0.040096346988231266,-0.413610468527667
0.0,0.0,0.0,POINT (0.695834137131546 0.828251457593435),-0.2542725307964521,-0.11924159074298356,-0.04009634698823127,-0.413610468527667
0.0,0.0,0.0,POINT (0.903231872170236 0.7852504438061522),-0.2542725307964521,-0.11924159074298356,-0.04009634698823127,-0.413610468527667
0.0,0.0,0.0,POINT (0.880620553947374 0.5016848013916241),0.8343499678639761,-0.11924159074298356,-0.040096346988231266,0.6750120301327612
0.0,0.0,0.0,POINT (0.8473126210865579 0.5599506468498076),-0.2542725307964521,-0.11924159074298356,-0.04009634698823127,-0.413610468527667
0.0,0.0,0.0,POINT (0.909684953135519 0.7330368251523357),-0.2542725307964521,-0.11924159074298356,-0.040096346988231266,-0.413610468527667
0.0,0.0,0.0,POINT (0.9286693830974768 0.7000148508258159),-0.2542725307964521,-0.11924159074298356,-0.04009634698823127,-0.413610468527667
0.0,0.0,0.0,POINT (0.930594477207172 0.7035960343606475),-0.2542725307964521,-0.11924159074298356,-0.040096346988231266,-0.413610468527667
0.0,0.0,0.0,POINT (0.9293417066484366 0.6674394125033271),-0.25427253079645207,-0.11924159074298354,-0.040096346988231266,-0.4136104685276669
0.0,0.0,0.0,POINT (0.7263597447635798 0.6327117946467437),-0.2542725307964521,-0.11924159074298356,-0.040096346988231266,-0.413610468527667
0.0,0.0,0.0,POINT (0.8823355948460679 0.5262023942289654),-0.2542725307964521,-0.11924159074298356,-0.04009634698823127,-0.413610468527667
0.0,0.0,0.0,POINT (0.9066555174710604 0.6016875752932531),-0.2542725307964521,-0.11924159074298356,-0.04009634698823127,-0.413610468527667
4378.334084,0.0,0.0,POINT (0.3997630860292827 0.8132772778383736),-0.2507884404663739,-0.11924159074298356,-0.040096346988231266,-0.41012637819758874
0.0,0.0,0.0,POINT (0.3573223576220902 0.7760874697399875),-0.2542725307964521,-0.11924159074298356,-0.040096346988231266,-0.413610468527667
0.0,0.0,0.0,POINT (0.3632920724033336 0.7775194245981588),0.4907585554920964,-0.11924159074298356,-0.04009634698823127,0.33142061776088155
0.0,0.0,0.0,POINT (0.3743199244847942 0.8492144388169354),-0.2542725307964521,-0.11924159074298356,-0.04009634698823127,-0.413610468527667
0.0,0.0,0.0,POINT (0.4139820075419703 0.7994097937746852),0.3936084898324867,-0.11924159074298356,-0.04009634698823127,0.23427055210127185
0.0,0.0,0.0,POINT (0.3488558875797775 0.644249071477768),-0.2542725307964521,-0.11924159074298356,-0.04009634698823127,-0.413610468527667
0.0,0.0,0.0,POINT (0.4551272698690295 0.8424679099785001),-0.25427253079645207,-0.11924159074298354,-0.040096346988231266,-0.4136104685276669
0.0,0.0,0.0,POINT (0.3310774735815086 0.5623540487552795),-0.2542725307964521,-0.11924159074298356,-0.04009634698823127,-0.413610468527667
0.0,0.0,0.0,POINT (0.4699725549951378 0.8027704464625004),-0.2542725307964521,-0.11924159074298356,-0.040096346988231266,-0.413610468527667
0.0,0.0,0.0,POINT (0.3957147367330829 0.8216269807256847),0.6091895355114406,-0.11924159074298356,-0.04009634698823127,0.44985159778022576
0.0,0.0,0.0,POINT (0.3844099129228999 0.5986538184102937),-0.07163652604063825,-0.11924159074298354,-0.040096346988231266,-0.23097446377185304
0.0,0.0,0.0,POINT (0.334346162820131 0.6015141309015001),-0.25427253079645207,-0.11924159074298354,-0.040096346988231266,-0.4136104685276669
0.0,0.0,0.0,POINT (0.3813864464458898 0.7227240760300283),0.08860683051119182,-0.11924159074298354,-0.040096346988231266,-0.07073110722002299
0.0,0.0,0.0,POINT (0.3988950372237059 0.866001930842606),-0.2542725307964521,-0.11924159074298356,-0.040096346988231266,-0.413610468527667
0.0,0.0,0.0,POINT (0.248510579227758 0.561509681387884),-0.2542725307964521,-0.11924159074298356,-0.04009634698823127,-0.413610468527667
0.0,0.0,0.0,POINT (0.3926173360331205 0.822713223307956),0.32136884674214317,-0.11924159074298356,-0.040096346988231266,0.16203090901092831
4722.261588,0.0,0.0,POINT (0.3736832519380003 0.7779099632017373),-0.2507204767187753,-0.11924159074298356,-0.04009634698823127,-0.41005841444999014
0.0,0.0,0.0,POINT (0.3514334151966921 0.7836182922061997),-0.2542725307964521,-0.11924159074298356,-0.04009634698823127,-0.413610468527667
0.0,0.0,0.0,POINT (0.3877941399630078 0.8282714832949754),-0.2542725307964521,-0.11924159074298356,-0.04009634698823127,-0.413610468527667
0.0,0.0,0.0,POINT (0.4228801776602662 0.8403869683154014),0.17745850235749427,-0.11924159074298356,-0.04009634698823127,0.018120564626279444
0.0,0.0,0.0,POINT (0.2825984983333441 0.6578811160807861),-0.2542725307964521,-0.11924159074298356,-0.040096346988231266,-0.413610468527667
0.0,0.0,0.0,POINT (0.4244556322277182 0.8599023232155029),-0.2542725307964521,-0.11924159074298356,-0.040096346988231266,-0.413610468527667
0.0,0.0,0.0,POINT (0.3189181166661921 0.7136438073748238),1.3036622868719092,-0.11924159074298356,-0.040096346988231266,1.1443243491406945
0.0,0.0,0.0,POINT (0.39470374517967 0.8709115571572116),0.2162603526790258,-0.11924159074298356,-0.04009634698823127,0.056922414947810966
0.0,0.0,0.0,POINT (0.3089190559267089 0.7736025584936891),-0.27296119567783456,-0.11924159074298356,-0.040096346988231266,-0.4322991334090494
0.0,0.0,0.0,POINT (0.2081724810115734 0.587092934207898),-0.2542725307964521,-0.11924159074298356,-0.04009634698823127,-0.413610468527667
0.0,0.0,0.0,POINT (0.2248540681271346 0.6555480408023864),-0.25427253079645207,-0.11924159074298354,-0.040096346988231266,-0.4136104685276669
0.0,0.0,0.0,POINT (0.2094446998289693 0.7071459728452983),-0.25427253079645207,-0.11924159074298354,-0.040096346988231266,-0.4136104685276669
7295.617387,0.0,0.0,POINT (0.3051560727635596 0.6994238343214999),0.48538765329576555,-0.11924159074298356,-0.04009634698823127,0.3260497155645507
0.0,0.0,0.0,POINT (0.3057528963327706 0.5348481971832392),-0.2542725307964521,-0.11924159074298356,-0.04009634698823127,-0.413610468527667
0.0,0.0,0.0,POINT (0.3635435386455976 0.589304489612381),-0.2542725307964521,-0.11924159074298356,-0.040096346988231266,-0.413610468527667
0.0,0.0,0.0,POINT (0.3405315017191489 0.6701111079344562),0.4642198875268744,-0.11924159074298356,-0.04009634698823127,0.3048819497956595
0.0,0.0,0.0,POINT (0.1305249706713334 0.5896615103934414),-0.2542725307964521,-0.11924159074298356,-0.04009634698823127,-0.413610468527667
0.0,0.0,0.0,POINT (0.0508171413153149 0.6452285298299663),-0.25427253079645207,-0.11924159074298354,-0.040096346988231266,-0.4136104685276669
0.0,0.0,0.0,POINT (0.2087701866977471 0.7292633261839665),-0.25427253079645207,-0.11924159074298354,-0.040096346988231266,-0.4136104685276669
0.0,0.0,0.0,POINT (0.4654515583842531 0.7727291203765193),0.08860683051119182,-0.11924159074298354,-0.040096346988231266,-0.07073110722002299
0.0,0.0,0.0,POINT (0.3784208314172032 0.5803719823769404),0.06534047752622209,-0.11924159074298356,-0.04009634698823127,-0.09399746020499275
0.0,0.0,0.0,POINT (0.4035429260516291 0.6664159646394522),-0.2542725307964521,-0.11924159074298356,-0.04009634698823127,-0.413610468527667
0.0,0.0,0.0,POINT (0.3240318015143907 0.5692400945256868),-0.2542725307964521,-0.11924159074298356,-0.040096346988231266,-0.413610468527667
0.0,0.0,0.0,POINT (0.3828134281807065 0.6471144800125426),-0.2542725307964521,-0.11924159074298356,-0.04009634698823127,-0.413610468527667
0.0,0.0,0.0,POINT (0.3709789267626032 0.6162994493093317),-0.2542725307964521,-0.11924159074298356,-0.040096346988231266,-0.413610468527667
0.0,0.0,0.0,POINT (0.3822719956693906 0.6143522580809271),-0.2542725307964521,-0.11924159074298356,-0.040096346988231266,-0.413610468527667
0.0,0.0,0.0,POINT (0.4892270155832553 0.7818293225276168),-0.2542725307964521,-0.11924159074298356,-0.040096346988231266,-0.413610468527667
0.0,0.0,0.0,POINT (0.4583438724049523 0.6964604712957276),0.22575857503424931,-0.11924159074298356,-0.04009634698823127,0.06642063730303449
0.0,0.0,0.0,POINT (0.4282313831670206 0.6759719406465684),0.1457533907291324,-0.11924159074298356,-0.040096346988231266,-0.01358454700208242
0.0,0.0,0.0,POINT (0.3455625994202803 0.6843313299384675),0.4642198875268744,-0.11924159074298356,-0.04009634698823127,0.3048819497956595
3042.6011663512604,0.0,0.0,POINT (0.4358839650580902 0.7128107174561934),-0.2513393275442156,-0.11924159074298354,-0.040096346988231266,-0.41067726527543047
0.0,0.0,0.0,POINT (0.39463156276966 0.6445013151129249),-0.2542725307964521,-0.11924159074298356,-0.04009634698823127,-0.413610468527667
0.0,0.0,0.0,POINT (0.3421987798895678 0.5577261451699362),-0.2542725307964521,-0.11924159074298356,-0.04009634698823127,-0.413610468527667
0.0,0.0,0.0,POINT (0.3374270496641352 0.5754103913073402),-0.2542725307964521,-0.11924159074298356,-0.040096346988231266,-0.413610468527667
0.0,0.0,0.0,POINT (0.4197624107831723 0.7681934081059509),0.4339533740291226,-0.11924159074298356,-0.040096346988231266,0.27461543629790774
2192.05196,0.0,0.0,POINT (0.4097153124867252 0.7733530087778433),-0.2519250307004438,-0.11924159074298356,-0.04009634698823127,-0.41126296843165866
0.0,0.0,0.0,POINT (0.3845546274405483 0.7356386663723136),0.5715985549942375,-0.11924159074298356,-0.04009634698823127,0.41226061726302266
0.0,0.0,0.0,POINT (0.3630210553854803 0.6947720060589531),-0.2542725307964521,-0.11924159074298356,-0.040096346988231266,-0.413610468527667
0.0,0.0,0.0,POINT (0.3764534015294975 0.7450165641291397),0.42752188560888327,-0.11924159074298356,-0.04009634698823127,0.2681839478776684
0.0,0.0,0.0,POINT (0.3778599175302414 0.779730071546516),1.2304280686159235,-0.11924159074298356,-0.040096346988231266,1.0710901308847087
0.0,0.0,0.0,POINT (0.3163105814622755 0.6602825064132922),0.2589363394344955,-0.11924159074298354,-0.040096346988231266,0.0995984017032807
0.0,0.0,0.0,POINT (0.2590456702207404 0.5670509421256739),-0.2542725307964521,-0.11924159074298356,-0.040096346988231266,-0.413610468527667
4554.050442672949,0.0,0.0,POINT (0.3321385077225295 0.6800853781912595),0.5788372417039083,-0.11924159074298354,-0.040096346988231266,0.4194993039726934
0.0,0.0,0.0,POINT (0.3404786270500426 0.6672097948095852),0.4642198875268744,-0.11924159074298356,-0.04009634698823127,0.3048819497956595
0.0,0.0,0.0,POINT (0.3648231534938179 0.557604450221853),-0.09446602663511501,-0.11924159074298356,-0.04009634698823127,-0.25380396436632985
0.0,0.0,0.0,POINT (0.2906434976659569 0.8778305886667352),-0.2542725307964521,-0.11924159074298356,-0.040096346988231266,-0.413610468527667
0.0,0.0,0.0,POINT (0.086044118700991 0.5197105879190764),-0.2542725307964521,-0.11924159074298356,-0.04009634698823127,-0.413610468527667
0.0,0.0,0.0,POINT (0.2463067906364165 0.7234302328628566),-0.25427253079645207,-0.11924159074298354,-0.040096346988231266,-0.4136104685276669
0.0,0.0,0.0,POINT (0.3619427720038086 0.9057610266916412),0.13783820543311281,-0.11924159074298356,-0.040096346988231266,-0.02149973229810201
-142.1461723,0.0,0.0,POINT (0.3779703414703619 0.8689831364360018),0.15635561949655638,-0.11924159074298356,-0.040096346988231266,-0.002982318234658443
0.0,0.0,0.0,POINT (0.3518615446920742 0.851505024037783),-0.26828902945748895,-0.11924159074298356,-0.04009634698823127,-0.4276269671887038
0.0,0.0,0.0,POINT (0.3669242120352238 0.8509828579889096),-0.276698928654111,-0.11924159074298356,-0.04009634698823127,-0.43603686638532585
0.0,0.0,0.0,POINT (0.4692273437140994 1),-0.2542725307964521,-0.11924159074298356,-0.04009634698823127,-0.413610468527667
0.0,0.0,0.0,POINT (0.384581341655836 0.8442135302066113),-0.2542725307964521,-0.11924159074298356,-0.040096346988231266,-0.413610468527667
0.0,0.0,0.0,POINT (0.3922447425730764 0.8350136222420316),-0.2542725307964521,-0.11924159074298356,-0.040096346988231266,-0.413610468527667
0.0,0.0,0.0,POINT (0.2427080311152404 0.777009946461538),0.146371998466693,-0.11924159074298356,-0.040096346988231266,-0.01296593926452183
0.0,0.0,0.0,POINT (0.3985875368923926 0.8459497553870118),-0.2542725307964521,-0.11924159074298356,-0.040096346988231266,-0.413610468527667
0.0,0.0,0.0,POINT (0.2795345235321814 0.7679730727513854),-0.2542725307964521,-0.11924159074298356,-0.04009634698823127,-0.413610468527667
0.0,0.0,0.0,POINT (0.290263529870658 0.7654574689877994),-0.2542725307964521,-0.11924159074298356,-0.040096346988231266,-0.413610468527667
0.0,0.0,0.0,POINT (0.3422935865387448 0.7327095150277895),-0.2542725307964521,-0.11924159074298356,-0.04009634698823127,-0.413610468527667
0.0,0.0,0.0,POINT (0.4081773838737468 0.8493182839167657),-0.2542725307964521,-0.11924159074298356,-0.04009634698823127,-0.413610468527667
0.0,0.0,0.0,POINT (0.2076855005699649 0.6226638676344992),-0.25427253079645207,-0.11924159074298354,-0.040096346988231266,-0.4136104685276669
0.0,0.0,0.0,POINT (0.3264703516929699 0.7590686786106284),-0.2542725307964521,-0.11924159074298356,-0.04009634698823127,-0.413610468527667
0.0,0.0,0.0,POINT (0.3805595399276851 0.8561725886378045),-0.2702913864090656,-0.11924159074298354,-0.040096346988231266,-0.42962932414028043
0.0,0.0,0.0,POINT (0.2896897352906473 0.7134412459717314),0.7049186049358037,-0.11924159074298356,-0.040096346988231266,0.5455806672045889
0.0,0.0,0.0,POINT (0.2021694309557853 0.5554492667197273),-0.2542725307964521,-0.11924159074298356,-0.04009634698823127,-0.413610468527667
0.0,0.0,0.0,POINT (0.2513681273256841 0.6341593509229215),-0.2542725307964521,-0.11924159074298356,-0.040096346988231266,-0.413610468527667
0.0,0.0,0.0,POINT (0.443777825305792 0.7798258793665159),-0.2542725307964521,-0.11924159074298356,-0.04009634698823127,-0.413610468527667
0.0,0.0,0.0,POINT (0.4770054679939226 0.7998010728229461),-0.2542725307964521,-0.11924159074298356,-0.04009634698823127,-0.413610468527667
0.0,0.0,0.0,POINT (0.3722948459025677 0.8297846586623892),-0.2542725307964521,-0.11924159074298356,-0.04009634698823127,-0.413610468527667
0.0,0.0,0.0,POINT (0.4942470400523027 0.8095108949605314),0.4157801301217618,-0.11924159074298354,-0.040096346988231266,0.256442192390547
0.0,0.0,0.0,POINT (0.1667256031846653 0.5208916273705806),-0.2542725307964521,-0.11924159074298356,-0.040096346988231266,-0.413610468527667
0.0,0.0,0.0,POINT (0.2963274472158274 0.6962379975939144),0.896756832082255,-0.11924159074298356,-0.04009634698823127,0.7374188943510401
0.0,0.0,0.0,POINT (0.394008077379933 0.8928504945923033),0.1565268703144953,-0.11924159074298356,-0.040096346988231266,-0.0028110674167195204
-142.1461723,0.0,0.0,POINT (0.3212237786636648 0.7961895928131032),-0.2544667361914329,-0.11924159074298356,-0.040096346988231266,-0.41380467392264775
0.0,0.0,0.0,POINT (0.3397649782196115 0.8013771603065832),-0.2542725307964521,-0.11924159074298356,-0.04009634698823127,-0.413610468527667
3124.54436,0.0,0.0,POINT (0.3793115829451303 0.8914621041551262),-0.2794348443294214,-0.11924159074298356,-0.04009634698823127,-0.43877278206063625
0.0,0.0,0.0,POINT (0.3347725541864088 0.9058918099832878),-0.2542725307964521,-0.11924159074298356,-0.04009634698823127,-0.413610468527667
0.0,0.0,0.0,POINT (0.3105043550086102 0.8422103056980836),-0.11450290108572415,-0.11924159074298356,-0.040096346988231266,-0.273840838816939
0.0,0.0,0.0,POINT (0.3185562358149624 0.8858948463958374),-0.2542725307964521,-0.11924159074298356,-0.040096346988231266,-0.413610468527667
0.0,0.0,0.0,POINT (0.2767340734660134 0.8368791401120669),-0.07806560561748492,-0.11924159074298356,-0.04009634698823127,-0.23740354334869976
0.0,0.0,0.0,POINT (0.1675515813467326 0.6900083379635235),-0.2542725307964521,-0.11924159074298356,-0.040096346988231266,-0.413610468527667
0.0,0.0,0.0,POINT (0.2236734725667299 0.7869146868826463),-0.2542725307964521,-0.11924159074298356,-0.04009634698823127,-0.413610468527667
0.0,0.0,0.0,POINT (0.2092810085045709 0.7888686022010254),-0.2542725307964521,-0.11924159074298356,-0.04009634698823127,-0.413610468527667
0.0,0.0,0.0,POINT (0.1960331111022295 0.7927262230598799),-0.2542725307964521,-0.11924159074298356,-0.04009634698823127,-0.413610468527667
0.0,0.0,0.0,POINT (0.1974377887223741 0.7972128595143562),-0.2542725307964521,-0.11924159074298356,-0.04009634698823127,-0.413610468527667
0.0,0.0,0.0,POINT (0.1847325618806996 0.799845397009973),-0.2542725307964521,-0.11924159074298356,-0.04009634698823127,-0.413610468527667
0.0,0.0,0.0,POINT (0.1876589149468363 0.8078993023221884),-0.2542725307964521,-0.11924159074298356,-0.040096346988231266,-0.413610468527667
0.0,0.0,0.0,POINT (0.175228973577789 0.8104628034001778),-0.2542725307964521,-0.11924159074298356,-0.04009634698823127,-0.413610468527667
0.0,0.0,0.0,POINT (0.1702351038496639 0.8187037979293098),-0.2542725307964521,-0.11924159074298356,-0.040096346988231266,-0.413610468527667
0.0,0.0,0.0,POINT (0.1670249796238039 0.826195125852764),-0.2542725307964521,-0.11924159074298356,-0.04009634698823127,-0.413610468527667
0.0,0.0,0.0,POINT (0.1697548546723429 0.8409821765121878),-0.2542725307964521,-0.11924159074298356,-0.04009634698823127,-0.413610468527667
0.0,0.0,0.0,POINT (0.1739360708124864 0.8683428356643959),-0.2542725307964521,-0.11924159074298356,-0.040096346988231266,-0.413610468527667
0.0,0.0,0.0,POINT (0.1837993964030562 0.9032929481457128),0.3185065804441556,0.8260046260490619,-0.04009634698823127,1.1044148595049863
2904.375771909989,2135.5540976685897,0.0,POINT (0.1925140405933074 0.9227714767840912),-0.2514221364592197,-0.11441129561086696,-0.04009634698823127,-0.40592977905831795
0.0,0.0,0.0,POINT (0.1957608554494763 0.9312201720220568),0.3185065804441556,0.8260046260490619,-0.04009634698823127,1.1044148595049863
0.0,0.0,0.0,POINT (0.2123795569465883 0.9675150918176072),-0.2542725307964521,-0.11924159074298356,-0.04009634698823127,-0.413610468527667
0.0,0.0,0.0,POINT (0.2121349232623231 0.9436941653755744),-0.2542725307964521,-0.11924159074298356,-0.04009634698823127,-0.413610468527667
0.0,0.0,0.0,POINT (0.2292133151536368 0.969942475651816),-0.2542725307964521,-0.11924159074298356,-0.04009634698823127,-0.413610468527667
0.0,0.0,0.0,POINT (0.2324245668220662 0.9346025471982828),0.12758021003061965,0.5109225537850468,-0.040096346988231266,0.5984064168274351
0.0,0.0,0.0,POINT (0.2477536880528517 0.9537065810717272),-0.2542725307964521,-0.11924159074298356,-0.04009634698823127,-0.413610468527667
0.0,0.0,0.0,POINT (0.2469057013212792 0.9143683919476197),0.12758021003061965,0.5109225537850468,-0.040096346988231266,0.5984064168274351
0.0,0.0,0.0,POINT (0.2554659210540868 0.9011528745118876),-0.2542725307964521,-0.11924159074298356,-0.040096346988231266,-0.413610468527667
0.0,0.0,0.0,POINT (0.2650976356230987 0.9152269660090894),-0.2542725307964521,-0.11924159074298356,-0.040096346988231266,-0.413610468527667
0.0,0.0,0.0,POINT (0.2668646177364805 0.865871769551578),-0.2542725307964521,-0.11924159074298356,-0.04009634698823127,-0.413610468527667
0.0,0.0,0.0,POINT (0.2654380158577334 0.8420894142414588),-0.1368012473438073,-0.11924159074298356,-0.040096346988231266,-0.2961391850750221
0.0,0.0,0.0,POINT (0.2822419510241302 0.8387002438859541),-0.13446999104439952,-0.11924159074298354,-0.040096346988231266,-0.29380792877561435
0.0,0.0,0.0,POINT (0.2042886573794854 0.6840965925740438),-0.25427253079645207,-0.11924159074298354,-0.040096346988231266,-0.4136104685276669
3047.306303,0.0,0.0,POINT (0.2623451556755753 0.8011960359065992),-0.1334325118875054,-0.11924159074298356,-0.040096346988231266,-0.29277044961872023
1063.0892037108802,0.0,0.0,POINT (0.294598649998741 0.832971702298671),-0.2529828716912091,-0.11924159074298356,-0.040096346988231266,-0.41232080942242394
893.4877587,0.0,0.0,POINT (0.2713411694804375 0.8244312891954436),0.1475198177882778,-0.11924159074298356,-0.040096346988231266,-0.011818119942937022
0.0,0.0,0.0,POINT (0.3160117481806227 0.8397470285584455),-0.2542725307964521,-0.11924159074298356,-0.040096346988231266,-0.413610468527667
0.0,0.0,0.0,POINT (0.2476941243935067 0.772560833880571),-0.2542725307964521,-0.11924159074298356,-0.04009634698823127,-0.413610468527667
0.0,0.0,0.0,POINT (0.2743981355978246 0.7614035412567596),-0.25427253079645207,-0.11924159074298354,-0.040096346988231266,-0.4136104685276669
0.0,0.0,0.0,POINT (0.2427358676600658 0.579376622295668),-0.25427253079645207,-0.11924159074298354,-0.040096346988231266,-0.4136104685276669
0.0,0.0,0.0,POINT (0.2273158833236551 0.603276551656924),-0.2542725307964521,-0.11924159074298356,-0.040096346988231266,-0.413610468527667
0.0,0.0,0.0,POINT (0.3299135175299451 0.8034306790777855),-0.27296119567783456,-0.11924159074298356,-0.040096346988231266,-0.4322991334090494
0.0,0.0,0.0,POINT (0.2368939146125051 0.6291494291194497),-0.2542725307964521,-0.11924159074298356,-0.04009634698823127,-0.413610468527667
0.0,0.0,0.0,POINT (0.3029219465372012 0.785439418606088),-0.27296119567783456,-0.11924159074298356,-0.040096346988231266,-0.4322991334090494
0.0,0.0,0.0,POINT (0.2330510220902444 0.629400619179068),-0.2542725307964521,-0.11924159074298356,-0.040096346988231266,-0.413610468527667
0.0,0.0,0.0,POINT (0.1803956119081352 0.709852454994244),-0.2542725307964521,-0.11924159074298356,-0.040096346988231266,-0.413610468527667
0.0,0.0,0.0,POINT (0.1840166163228882 0.679354400759031),-0.2542725307964521,-0.11924159074298356,-0.04009634698823127,-0.413610468527667
0.0,0.0,0.0,POINT (0.2610209597665857 0.6872483972765722),-0.2542725307964521,-0.11924159074298356,-0.040096346988231266,-0.413610468527667
0.0,0.0,0.0,POINT (0.1604260139274108 0.6561069602115932),-0.25427253079645207,-0.11924159074298354,-0.040096346988231266,-0.4136104685276669
0.0,0.0,0.0,POINT (0.2126697881496456 0.6420815684784191),-0.2542725307964521,-0.11924159074298356,-0.04009634698823127,-0.413610468527667
0.0,0.0,0.0,POINT (0.3050017182698259 0.81289951995742),-0.13319156596710657,-0.11924159074298356,-0.040096346988231266,-0.2925295036983214
0.0,0.0,0.0,POINT (0.1635197090396805 0.6790738912302575),-0.2542725307964521,-0.11924159074298356,-0.04009634698823127,-0.413610468527667
0.0,0.0,0.0,POINT (0.166039460123359 0.7115557729041706),-0.25427253079645207,-0.11924159074298354,-0.040096346988231266,-0.4136104685276669
0.0,0.0,0.0,POINT (0.2575280494463347 0.7206341056587933),-0.25427253079645207,-0.11924159074298354,-0.040096346988231266,-0.4136104685276669
0.0,0.0,0.0,POINT (0.1801247964564297 0.7241090917250286),-0.2542725307964521,-0.11924159074298356,-0.040096346988231266,-0.413610468527667
0.0,0.0,0.0,POINT (0.2526202471531677 0.7740794407201731),0.146371998466693,-0.11924159074298356,-0.040096346988231266,-0.01296593926452183
0.0,0.0,0.0,POINT (0.2751632765830724 0.7877851418582229),0.146371998466693,-0.11924159074298356,-0.040096346988231266,-0.01296593926452183
0.0,0.0,0.0,POINT (0.28312160939477 0.7959206848757824),0.2638432819193378,-0.11924159074298356,-0.040096346988231266,0.10450534418812298
0.0,0.0,0.0,POINT (0.2018531568557409 0.732194731972964),-0.25427253079645207,-0.11924159074298354,-0.040096346988231266,-0.4136104685276669
0.0,0.0,0.0,POINT (0.2510571241516522 0.69641866595571),-0.2542725307964521,-0.11924159074298356,-0.04009634698823127,-0.413610468527667
0.0,0.0,0.0,POINT (0.0251686551703467 0.5787172839195039),-0.2542725307964521,-0.11924159074298356,-0.04009634698823127,-0.413610468527667
0.0,0.0,0.0,POINT (0.2178065056024498 0.7185618206838229),-0.2542725307964521,-0.11924159074298356,-0.04009634698823127,-0.413610468527667
0.0,0.0,0.0,POINT (0.2850678608974976 0.8314468501050705),0.002968382366920661,-0.11924159074298356,-0.040096346988231266,-0.15636955536429414
0.0,0.0,0.0,POINT (0.1578420637078313 0.6733364576363835),-0.2542725307964521,-0.11924159074298356,-0.04009634698823127,-0.413610468527667
0.0,0.0,0.0,POINT (0.213916566803908 0.6448833026170324),-0.2542725307964521,-0.11924159074298356,-0.04009634698823127,-0.413610468527667
0.0,0.0,0.0,POINT (0.2479709131938904 0.8105219938268488),0.0565969568330218,-0.11924159074298356,-0.04009634698823127,-0.10274098089819303
0.0,0.0,0.0,POINT (0.2493208091927847 0.7192590712319711),-0.2542725307964521,-0.11924159074298356,-0.04009634698823127,-0.413610468527667
0.0,0.0,0.0,POINT (0.3325674827554606 0.7847115029080921),-0.26828902945748895,-0.11924159074298356,-0.04009634698823127,-0.4276269671887038
0.0,0.0,0.0,POINT (0.2342323701067782 0.7082614717991272),-0.25427253079645207,-0.11924159074298354,-0.040096346988231266,-0.4136104685276669
0.0,0.0,0.0,POINT (0.2421805009384136 0.6698076538940085),-0.2542725307964521,-0.11924159074298356,-0.04009634698823127,-0.413610468527667
0.0,0.0,0.0,POINT (0.3425966583918464 0.8234922704316466),-0.2542725307964521,-0.11924159074298356,-0.040096346988231266,-0.413610468527667
0.0,0.0,0.0,POINT (0.1312607298601923 0.5435814034836454),-0.2542725307964521,-0.11924159074298356,-0.04009634698823127,-0.413610468527667
0.0,0.0,0.0,POINT (0.3128513698311846 0.820738970607118),-0.15048884665701304,-0.11924159074298354,-0.040096346988231266,-0.30982678438822786
0.0,0.0,0.0,POINT (0.1955163303447747 0.6455971431078104),-0.2542725307964521,-0.11924159074298356,-0.04009634698823127,-0.413610468527667
0.0,0.0,0.0,POINT (0.186744182767159 0.666780174703614),-0.25427253079645207,-0.11924159074298354,-0.040096346988231266,-0.4136104685276669
0.0,0.0,0.0,POINT (0.3012908934465712 0.7384763257391156),-0.2542725307964521,-0.11924159074298356,-0.04009634698823127,-0.413610468527667
0.0,0.0,0.0,POINT (0.3422694365104504 0.7985135077090344),-0.2542725307964521,-0.11924159074298356,-0.04009634698823127,-0.413610468527667
0.0,0.0,0.0,POINT (0.3578863777993713 0.7966960910371216),0.5433945466118049,-0.11924159074298356,-0.04009634698823127,0.38405660888059
0.0,0.0,0.0,POINT (0.3111325674910176 0.8313894705530969),-0.04461808623036019,-0.11924159074298356,-0.04009634698823127,-0.20395602396157503
0.0,0.0,0.0,POINT (0.3447447552302075 0.8138918788470748),-0.2542725307964521,-0.11924159074298356,-0.040096346988231266,-0.413610468527667
0.0,0.0,0.0,POINT (0.1852117235101731 0.6996529419876774),-0.2542725307964521,-0.11924159074298356,-0.04009634698823127,-0.413610468527667
0.0,0.0,0.0,POINT (0.2702796337628569 0.6354629733483455),-0.2542725307964521,-0.11924159074298356,-0.04009634698823127,-0.413610468527667
0.0,0.0,0.0,POINT (0.3043634275151681 0.6806729523784135),1.6152492504055815,-0.11924159074298356,-0.04009634698823127,1.4559113126743668
0.0,0.0,0.0,POINT (0.6190893793174611 0.1694101765255208),-0.25427253079645207,-0.11924159074298354,-0.040096346988231266,-0.4136104685276669
7011.393928,3490.496029,0.0,POINT (0.7109800182687197 0.4003053471428406),1.1531538519269084,2.85911690771823,-0.04009634698823127,3.9721744126569076
0.0,0.0,0.0,POINT (0.660157176689991 0.4021127844038796),1.42319430895976,1.0338630128918376,-0.04009634698823127,2.4169609748633665
0.0,0.0,0.0,POINT (0.4373235040829556 0),-0.2542725307964521,-0.11924159074298356,-0.04009634698823127,-0.413610468527667
0.0,0.0,0.0,POINT (0.6679314625605121 0.3448549227886753),0.8711376718265399,1.0647036727474226,-0.040096346988231266,1.8957449975857315
0.0,0.0,0.0,POINT (0.6811038757673156 0.1581495850567531),0.1897469314977902,0.6636160389990362,2.7354618945304447,3.588824865027271
0.0,0.0,0.0,POINT (0.6941206211345607 0.2970624996799485),0.08913706571481521,-0.11924159074298354,-0.040096346988231266,-0.0702008720163996
3047.306303,0.0,0.0,POINT (0.6774797006017611 0.3024995864183551),-0.2513365934644333,-0.11924159074298356,-0.04009634698823127,-0.4106745311956482
0.0,0.0,0.0,POINT (0.7549626952007227 0.0272644435610062),-0.2542725307964521,-0.11924159074298356,-0.04009634698823127,-0.413610468527667
0.0,0.0,0.0,POINT (0.4830032033356119 0.1692294578097985),-0.2542725307964521,-0.11924159074298356,-0.040096346988231266,-0.413610468527667
0.0,0.0,0.0,POINT (0.4838752594770301 0.2776408972141713),-0.2542725307964521,-0.11924159074298356,-0.04009634698823127,-0.413610468527667
0.0,0.0,0.0,POINT (0.80933842683727 0.1973017124333377),-0.2542725307964521,-0.11924159074298356,-0.04009634698823127,-0.413610468527667
0.0,0.0,0.0,POINT (0.5306111465434042 0.2028597113539548),-0.25427253079645207,-0.11924159074298354,-0.040096346988231266,-0.4136104685276669
0.0,0.0,0.0,POINT (0.5211177118257799 0.1233026075456917),-0.2542725307964521,-0.11924159074298356,-0.04009634698823127,-0.413610468527667
0.0,0.0,0.0,POINT (0.8056216229619904 0.3197917406024183),-0.2542725307964521,-0.11924159074298356,-0.040096346988231266,-0.413610468527667
0.0,0.0,0.0,POINT (0.5622372453675231 0.0764595865662204),-0.25427253079645207,-0.11924159074298354,-0.040096346988231266,-0.4136104685276669
0.0,0.0,0.0,POINT (0.7225973315521698 0.1517835326219978),-0.2542725307964521,-0.11924159074298356,-0.04009634698823127,-0.413610468527667
0.0,0.0,0.0,POINT (0.5580492766416285 0.1054766250428781),-0.2542725307964521,-0.11924159074298356,-0.04009634698823127,-0.413610468527667
0.0,0.0,0.0,POINT (0.5722999139560099 0.2014566521396453),0.4995286156293259,-0.11924159074298354,-0.040096346988231266,0.3401906778981111
0.0,0.0,0.0,POINT (0.9111166367205542 0.2269602111035004),-0.2542725307964521,-0.11924159074298356,-0.04009634698823127,-0.413610468527667
0.0,0.0,0.0,POINT (0.606034876405786 0.0806712729009099),-0.25427253079645207,-0.11924159074298354,-0.040096346988231266,-0.4136104685276669
0.0,0.0,0.0,POINT (0.4565036680503757 0.1830225288855306),-0.25427253079645207,-0.11924159074298354,-0.040096346988231266,-0.4136104685276669
0.0,0.0,0.0,POINT (0.5801972597920071 0.2866322110357703),0.5800716773041804,-0.11924159074298354,-0.040096346988231266,0.42073373957296556
0.0,0.0,0.0,POINT (0.7410040425789014 0.2104075221523914),0.544962501333184,1.2899021427926523,4.955908487745386,6.790773131871223
0.0,0.0,0.0,POINT (0.585404208016695 0.3342750111161206),0.11473912315560257,-0.11924159074298354,-0.040096346988231266,-0.04459881457561224
0.0,0.0,0.0,POINT (0.5419542117119908 0.3807564956390913),-0.22037865759746356,-0.11924159074298356,-0.040096346988231266,-0.3797165953286784
0.0,0.0,0.0,POINT (0.6679247517952163 0.3834437305070306),1.1160530495970702,-0.11924159074298356,-0.04009634698823127,0.9567151118658553
0.0,0.0,0.0,POINT (0.5763576998877191 0.3436139546748047),-0.2542725307964521,-0.11924159074298356,-0.04009634698823127,-0.413610468527667
0.0,0.0,0.0,POINT (0.5856949452682917 0.3615711603485151),-0.25427253079645207,-0.11924159074298354,-0.040096346988231266,-0.4136104685276669
0.0,0.0,0.0,POINT (0.6329339836603768 0.3933739410988051),0.6537593849287371,-0.11924159074298354,-0.040096346988231266,0.49442144719752223
0.0,0.0,0.0,POINT (0.5758505628424138 0.3011806728264935),0.9138093605444332,-0.11924159074298356,-0.04009634698823127,0.7544714228132183
0.0,0.0,0.0,POINT (0.6411962006093945 0.3982440856988711),0.4983506378411526,-0.11924159074298356,-0.04009634698823127,0.3390127001099377
0.0,0.0,0.0,POINT (0.6770204104678663 0.358978516771442),0.2944610731202898,-0.11924159074298354,-0.040096346988231266,0.135123135389075
0.0,0.0,0.0,POINT (0.6038309275052848 0.2849928195974627),0.11473912315560257,-0.11924159074298354,-0.040096346988231266,-0.04459881457561224
257.79713908067004,0.0,0.0,POINT (0.5196043351055805 0.4065138466527514),-0.2539334705693825,-0.11924159074298356,-0.040096346988231266,-0.41327140830059733
0.0,0.0,0.0,POINT (0.6740914808302674 0.3765731589300945),0.7060112760578461,-0.11924159074298356,-0.04009634698823127,0.5466733383266312
0.0,0.0,0.0,POINT (0.5570292168063016 0.2151653214747024),-0.2542725307964521,-0.11924159074298356,-0.04009634698823127,-0.413610468527667
0.0,0.0,0.0,POINT (0.6114629101644272 0.2620377427391451),0.8959079101191411,-0.11924159074298356,-0.040096346988231266,0.7365699723879262
0.0,0.0,0.0,POINT (0.6407795109969644 0.3115777465052209),0.7288957003181376,0.8016047253051101,-0.04009634698823127,1.4904040786350166
4129.211413,0.0,0.0,POINT (0.5199699310697339 0.2956679547306133),-0.25085669497452123,-0.11924159074298354,-0.040096346988231266,-0.4101946327057361
0.0,0.0,0.0,POINT (0.5081025881141791 0.3281431643441975),0.3202778525177081,-0.11924159074298356,-0.04009634698823127,0.16093991478649322
0.0,0.0,0.0,POINT (0.4982140169590148 0.1549919757926778),-0.2542725307964521,-0.11924159074298356,-0.040096346988231266,-0.413610468527667
0.0,0.0,0.0,POINT (0.749831187683367 0.3981562593878299),-0.2542725307964521,-0.11924159074298356,-0.040096346988231266,-0.413610468527667
3816.30624,0.0,0.0,POINT (0.6412405495530018 0.3884557808502485),-0.250964928667478,-0.11924159074298356,-0.040096346988231266,-0.41030286639869284
0.0,0.0,0.0,POINT (0.7026736001315912 0.4022707309895901),2.718142129238412,3.4229477941271713,-0.04009634698823127,6.100993576377352
0.0,0.0,0.0,POINT (0.6064871585176911 0.0623337701226245),-0.2542725307964521,-0.11924159074298356,-0.04009634698823127,-0.413610468527667
3274.4907259213896,0.0,0.0,POINT (0.5848914291172127 0.3041598381785405),-0.2512112234661542,-0.11924159074298356,-0.040096346988231266,-0.41054916119736906
0.0,0.0,0.0,POINT (0.5049487218024944 0.3222108199554686),0.8948282358318681,-0.11924159074298356,-0.04009634698823127,0.7354902981006533
0.0,0.0,0.0,POINT (0.5974935659928367 0.1366346481869262),-0.25427253079645207,-0.11924159074298354,-0.040096346988231266,-0.4136104685276669
0.0,0.0,0.0,POINT (0.4703503753521746 0.097892865224756),-0.2542725307964521,-0.11924159074298356,-0.04009634698823127,-0.413610468527667
0.0,0.0,0.0,POINT (0.582912406114946 0.3996265426885144),0.284660593576483,1.4630050175382494,-0.040096346988231266,1.7075692641265012
0.0,0.0,0.0,POINT (0.540289024907571 0.223075169069028),-0.2542725307964521,-0.11924159074298356,-0.04009634698823127,-0.413610468527667
0.0,0.0,0.0,POINT (0.6314917995510136 0.2269591747123987),1.1259439983022597,-0.11924159074298356,-0.04009634698823127,0.9666060605710448
0.0,0.0,0.0,POINT (0.4962859096220837 0.0821160581228418),-0.2542725307964521,-0.11924159074298356,-0.04009634698823127,-0.413610468527667
0.0,0.0,0.0,POINT (0.9024471458562804 0.0337621912038845),-0.2542725307964521,-0.11924159074298356,-0.04009634698823127,-0.413610468527667
0.0,0.0,0.0,POINT (0.5321979388890853 0.3121991954571023),0.2886154490435553,-0.11924159074298356,-0.040096346988231266,0.12927751131234044
0.0,0.0,0.0,POINT (0.5584527847673865 0.2427998842866734),0.21106002335212562,-0.11924159074298354,-0.040096346988231266,0.05172208562091081
0.0,0.0,0.0,POINT (0.6735464918162225 0.2878547785711788),0.3081457754117538,-0.11924159074298356,-0.040096346988231266,0.14880783768053896
0.0,0.0,0.0,POINT (0.6489383271114263 0.2032533969854608),-0.2542725307964521,-0.11924159074298356,-0.04009634698823127,-0.413610468527667
7813.355492,0.0,0.0,POINT (0.6199195131199077 0.2348502362036313),-0.09970993949039583,-0.11924159074298356,-0.04009634698823127,-0.25904787722161066
0.0,0.0,0.0,POINT (0.6741007976135988 0.2493602523151711),0.9291508081638372,1.6421880761765613,6.20490969642879,8.776248580769188
0.0,0.0,0.0,POINT (0.5567979508986102 0.1547459242679404),0.22541910783813382,-0.11924159074298356,-0.04009634698823127,0.066081170106919
4869.285503,0.0,0.0,POINT (0.6881080813132513 0.3815376371321117),-0.2507007718572359,-0.11924159074298354,-0.040096346988231266,-0.4100387095884507
1230.452968,0.0,0.0,POINT (0.650211979618195 0.2788743253425204),-0.10524889967218615,-0.11924159074298356,-0.04009634698823127,-0.264586837403401
0.0,0.0,0.0,POINT (0.6116116361348097 0.2104639917362441),0.6262366763893455,-0.11924159074298354,-0.040096346988231266,0.4668987386581307
0.0,0.0,0.0,POINT (0.6516260938535364 0.3614014673285926),0.17579785128217917,-0.11924159074298354,-0.040096346988231266,0.016459913550964364
0.0,0.0,0.0,POINT (0.7282789703375953 0.4013292181127838),1.5825504813297355,2.832582896648812,-0.040096346988231266,4.375037030990316
0.0,0.0,0.0,POINT (0.607084465452697 0.3132398261018234),-0.2542725307964521,-0.11924159074298356,-0.04009634698823127,-0.413610468527667
0.0,0.0,0.0,POINT (0.4807410490941803 0.1343736065247399),-0.2542725307964521,-0.11924159074298356,-0.040096346988231266,-0.413610468527667
0.0,0.0,0.0,POINT (0.4593875157808191 0.1195437668981779),-0.2542725307964521,-0.11924159074298356,-0.04009634698823127,-0.413610468527667
0.0,0.0,0.0,POINT (0.4744101666009148 0.126753740822939),-0.2542725307964521,-0.11924159074298356,-0.04009634698823127,-0.413610468527667
0.0,0.0,0.0,POINT (0.5114309922739866 0.1807194571336774),-0.25427253079645207,-0.11924159074298354,-0.040096346988231266,-0.4136104685276669
0.0,0.0,0.0,POINT (0.4499030679769761 0.1587399807760365),-0.2542725307964521,-0.11924159074298356,-0.04009634698823127,-0.413610468527667
0.0,0.0,0.0,POINT (0.5490014026713017 0.337997012359589),-0.2542725307964521,-0.11924159074298356,-0.04009634698823127,-0.413610468527667
0.0,0.0,0.0,POINT (0.5730633541370549 0.2443173817195984),0.6262366763893455,-0.11924159074298354,-0.040096346988231266,0.4668987386581307
0.0,0.0,0.0,POINT (0.5885391875970906 0.1725673970440016),0.6251621400336221,-0.11924159074298356,-0.040096346988231266,0.4658242023024073
0.0,0.0,0.0,POINT (0.5902597844937966 0.155006215755593),-0.2542725307964521,-0.11924159074298356,-0.04009634698823127,-0.413610468527667
0.0,0.0,0.0,POINT (0.6582462355953048 0.2216439482527638),0.5346763618437409,1.0550448538700463,4.123241015289783,5.71296223100357
0.0,0.0,0.0,POINT (0.6173800187899998 0.3453081867575951),0.6884493489071579,0.8016047253051101,-0.04009634698823127,1.449957727224037
6939.221851,4680.964017,0.0,POINT (0.6434439303920158 0.3385156648553784),-0.2510331646252379,-0.11212201681006174,-0.04009634698823127,-0.4032515284235309
5065.824717209171,3979.522241,3805.531172,POINT (0.6958103697824882 0.2351099116490787),-0.25068322732892084,-0.1123510218808866,,-0.3630342492098074
0.0,0.0,0.0,POINT (0.7070567515213546 0.2863659135616455),-0.2542725307964521,-0.11924159074298356,-0.04009634698823127,-0.413610468527667
0.0,0.0,0.0,POINT (0.7609725321959466 0.2590963805142114),-0.2542725307964521,-0.11924159074298356,-0.040096346988231266,-0.413610468527667
0.0,0.0,0.0,POINT (0.7254939332669947 0.3678611493812039),0.2944610731202898,-0.11924159074298354,-0.040096346988231266,0.135123135389075
0.0,0.0,0.0,POINT (0.7043651804549776 0.2767733860973901),0.316609635010431,0.8872896474967563,3.528478534964352,4.732377817471539
934.9284634445488,0.0,0.0,POINT (0.644077651831016 0.2511034674315706),0.6387742028750806,-0.11924159074298356,-0.04009634698823127,0.4794362651438657
0.0,0.0,0.0,POINT (0.5960371576106271 0.1885549418940277),0.8010490741996369,-0.11924159074298356,-0.04009634698823127,0.641711136468422
0.0,0.0,0.0,POINT (0.489595711955084 0.2327011358108525),-0.25427253079645207,-0.11924159074298354,-0.040096346988231266,-0.4136104685276669
0.0,0.0,0.0,POINT (0.4792830632905551 0.2811239036188),0.665008082506204,-0.11924159074298356,-0.04009634698823127,0.5056701447749892
0.0,0.0,0.0,POINT (0.4549289380826555 0.202571273387644),-0.2542725307964521,-0.11924159074298356,-0.040096346988231266,-0.413610468527667
0.0,0.0,0.0,POINT (0.485392605935651 0.1853229509621244),-0.2542725307964521,-0.11924159074298356,-0.04009634698823127,-0.413610468527667
0.0,0.0,0.0,POINT (0.5974520906448597 0.3106336779600421),0.39149786361964356,-0.11924159074298356,-0.04009634698823127,0.2321599258884287
0.0,0.0,0.0,POINT (0.7884197693488604 0.0467459611531659),-0.2542725307964521,-0.11924159074298356,-0.04009634698823127,-0.413610468527667
0.0,0.0,0.0,POINT (0.5102859622333697 0.4052252909526246),-0.21359988295766583,-0.11924159074298356,-0.04009634698823127,-0.37293782068888065
0.0,0.0,0.0,POINT (0.5075020558812008 0.0999281133302626),-0.25427253079645207,-0.11924159074298354,-0.040096346988231266,-0.4136104685276669
0.0,0.0,0.0,POINT (0.6473649114882889 0.346072983502207),1.114228529899066,1.9526626203652273,-0.04009634698823127,3.0267948032760623
0.0,0.0,0.0,POINT (0.5589269512899805 0.3167909130330654),0.17624106548094498,-0.11924159074298356,-0.040096346988231266,0.016903127749730157
0.0,0.0,0.0,POINT (0.5263443137727111 0.3086711775918683),0.3971930450115568,-0.11924159074298356,-0.04009634698823127,0.23785510728034193
0.0,0.0,0.0,POINT (0.6783492122085245 0.2571981868455525),0.6964501387888016,1.0550448538700463,4.123241015289783,5.874736007948631
6688.988916,0.0,0.0,POINT (0.5856315713522704 0.1866089677252919),-0.2509310501083077,-0.11924159074298356,-0.04009634698823127,-0.41026898783952254
6959.500302459351,6512.899014,0.0,POINT (0.706940478779935 0.4130429269966426),0.6917433168309132,1.0450626312147473,-0.040096346988231266,1.6967096010574294
0.0,0.0,0.0,POINT (0.7323536176391595 0.3637207112142288),-0.2542725307964521,-0.11924159074298356,-0.04009634698823127,-0.413610468527667
0.0,0.0,0.0,POINT (0.531076724758249 0.2279683924678061),-0.2542725307964521,-0.11924159074298356,-0.040096346988231266,-0.413610468527667
0.0,0.0,0.0,POINT (0.7851573258963914 0.3979606487016653),0.5621943431988689,-0.11924159074298356,-0.04009634698823127,0.402856405467654
0.0,0.0,0.0,POINT (0.5210288408132564 0.1988003850755086),-0.2542725307964521,-0.11924159074298356,-0.04009634698823127,-0.413610468527667
0.0,0.0,0.0,POINT (0.5857486988888932 0.0584406903539668),-0.2542725307964521,-0.11924159074298356,-0.04009634698823127,-0.413610468527667
0.0,0.0,0.0,POINT (0.6334136297073002 0.2756577291267059),0.08735964057621615,-0.11924159074298356,-0.04009634698823127,-0.07197829715499868
0.0,0.0,0.0,POINT (0.5403504094409805 0.3622325587862385),-0.2542725307964521,-0.11924159074298356,-0.040096346988231266,-0.413610468527667
0.0,0.0,0.0,POINT (0.4974333899402702 0.3810697939505746),-0.2252206394830333,-0.11924159074298354,-0.040096346988231266,-0.38455857721424813
0.0,0.0,0.0,POINT (0.7524131799201648 0.2300230975837321),0.544962501333184,1.2899021427926523,4.955908487745386,6.790773131871223
0.0,0.0,0.0,POINT (0.4991248072699604 0.2515788339895723),0.21106002335212562,-0.11924159074298354,-0.040096346988231266,0.05172208562091081
0.0,0.0,0.0,POINT (0.517853080205747 0.0339427839227232),-0.2542725307964521,-0.11924159074298356,-0.04009634698823127,-0.413610468527667
0.0,0.0,0.0,POINT (0.487414569955507 0.1912842609618068),-0.2542725307964521,-0.11924159074298356,-0.040096346988231266,-0.413610468527667
0.0,0.0,0.0,POINT (0.7061941390250325 0.386814906495023),1.6201419499296723,1.1167385868575292,-0.04009634698823127,2.6967841897989704
0.0,0.0,0.0,POINT (0.5507308817036084 0.3995605194450805),-0.23602628081532476,1.779454339194496,-0.04009634698823127,1.50333171139094
0.0,0.0,0.0,POINT (0.485483220547117 0.1589904591345906),-0.2542725307964521,-0.11924159074298356,-0.04009634698823127,-0.413610468527667
0.0,0.0,0.0,POINT (0.507261078319435 0.2943069704288677),0.867689032854023,-0.11924159074298354,-0.040096346988231266,0.7083510951228081
0.0,0.0,0.0,POINT (0.7448220033603676 0.3394818957156027),-0.25427253079645207,-0.11924159074298354,-0.040096346988231266,-0.4136104685276669
5826.714628,0.0,0.0,POINT (0.4792706439565525 0.3255905975558427),-0.25071122731295326,-0.11924159074298354,-0.040096346988231266,-0.4100491650441681
0.0,0.0,0.0,POINT (0.5966662420765404 0.1595229560227038),-0.2542725307964521,-0.11924159074298356,-0.04009634698823127,-0.413610468527667
0.0,0.0,0.0,POINT (0.8980026038257127 0.4028832763884843),0.8343499678639761,-0.11924159074298356,-0.040096346988231266,0.6750120301327612
0.0,0.0,0.0,POINT (0.7762005063201245 0.316807789729966),-0.2542725307964521,-0.11924159074298356,-0.04009634698823127,-0.413610468527667
0.0,0.0,0.0,POINT (0.5542847828161492 0.1041683656159064),-0.2542725307964521,-0.11924159074298356,-0.04009634698823127,-0.413610468527667
5427.457449,3513.350164,0.0,POINT (0.7504561256678126 0.4826436207266531),0.6449908761688,-0.1126796209949339,-0.04009634698823127,0.49221490818563485
0.0,0.0,0.0,POINT (0.6568118058136833 0.511784970853516),0.6323353890137104,-0.11924159074298356,-0.04009634698823127,0.4729974512824956
0.0,0.0,0.0,POINT (0.6180205658750874 0.4741545925470232),-0.25427253079645207,-0.11924159074298354,-0.040096346988231266,-0.4136104685276669
0.0,0.0,0.0,POINT (0.6219252099459637 0.4490821077812526),0.22368900285010584,-0.11924159074298354,-0.040096346988231266,0.06435106511889103
8280.07363,0.0,0.0,POINT (0.7703008255066448 0.4543257961651083),-0.25188536018386354,-0.11924159074298354,-0.040096346988231266,-0.4112232979150784
0.0,0.0,0.0,POINT (0.6453638664853928 0.4820310822639416),0.4845674023786834,-0.11924159074298356,-0.040096346988231266,0.32522946464746855
0.0,0.0,0.0,POINT (0.7168565018950372 0.5074000343582492),1.2673905268153536,1.2700636102822804,-0.04009634698823127,2.497357790109403
5602.833561,0.0,0.0,POINT (0.7446241528651201 0.4789929910985648),0.6177584606027209,1.1248312068179933,-0.04009634698823127,1.702493320432483
0.0,0.0,0.0,POINT (0.6208332103146872 0.508303721167561),-0.2542725307964521,-0.11924159074298356,-0.040096346988231266,-0.413610468527667
0.0,0.0,0.0,POINT (0.7430608957944468 0.5322457998821644),0.4374608125098856,1.6670079534323559,-0.040096346988231266,2.0643724189540102
0.0,0.0,0.0,POINT (0.7190582247138042 0.463556306311591),1.2211998217638627,-0.11924159074298356,-0.040096346988231266,1.061861884032648
0.0,0.0,0.0,POINT (0.6534562752154521 0.6457726230144786),0.17624106548094498,-0.11924159074298356,-0.040096346988231266,0.016903127749730157
0.0,0.0,0.0,POINT (0.7388636907635552 0.6075308648285157),-0.2542725307964521,-0.11924159074298356,-0.040096346988231266,-0.413610468527667
0.0,0.0,0.0,POINT (0.5936795101853931 0.5249828731919275),-0.2542725307964521,-0.11924159074298356,-0.04009634698823127,-0.413610468527667
0.0,0.0,0.0,POINT (0.5971592516771229 0.6406595522866722),-0.2542725307964521,-0.11924159074298356,-0.04009634698823127,-0.413610468527667
0.0,0.0,0.0,POINT (0.563179984374064 0.6155410112094613),-0.25427253079645207,-0.11924159074298354,-0.040096346988231266,-0.4136104685276669
0.0,0.0,0.0,POINT (0.5116148017471867 0.5477945390372678),0.26234378473642445,-0.11924159074298356,-0.04009634698823127,0.1030058470052096
0.0,0.0,0.0,POINT (0.6143565233878536 0.7842169582307508),0.6838011944890473,-0.11924159074298356,-0.04009634698823127,0.5244632567578325
0.0,0.0,0.0,POINT (0.6096551831258649 0.7140026098062424),-0.2542725307964521,-0.11924159074298356,-0.04009634698823127,-0.413610468527667
0.0,0.0,0.0,POINT (0.5640321644748882 0.4921764536597902),-0.2542725307964521,-0.11924159074298356,-0.040096346988231266,-0.413610468527667
0.0,0.0,0.0,POINT (0.7111946519189366 0.5599329214899851),-0.2542725307964521,-0.11924159074298356,-0.04009634698823127,-0.413610468527667
0.0,0.0,0.0,POINT (0.7430029327034288 0.5253881026391243),1.3597719369183356,4.048674012332808,-0.04009634698823127,5.368349602262913
0.0,0.0,0.0,POINT (0.7841039888680338 0.5185771835511577),0.5527497030609418,1.9647162107949128,-0.040096346988231266,2.4773695668676234
0.0,0.0,0.0,POINT (0.514411392368792 0.4285831676110426),-0.2252206394830333,-0.11924159074298354,-0.040096346988231266,-0.38455857721424813
0.0,0.0,0.0,POINT (0.750350244778142 0.4640310369302828),1.9218672694525165,0.7693818360862857,-0.040096346988231266,2.651152758550571
0.0,0.0,0.0,POINT (0.5478299033535979 0.508755502544266),-0.2542725307964521,-0.11924159074298356,-0.040096346988231266,-0.413610468527667
0.0,0.0,0.0,POINT (0.493693687568513 0.5056326229109261),-0.2542725307964521,-0.11924159074298356,-0.040096346988231266,-0.413610468527667
0.0,0.0,0.0,POINT (0.5710930215939307 0.589928243567027),0.3274085549139615,-0.11924159074298354,-0.040096346988231266,0.16807061718274668
0.0,0.0,0.0,POINT (0.5846871855989835 0.6495392573909687),0.20407384281579216,0.497666349057642,-0.040096346988231266,0.6616438448852029
0.0,0.0,0.0,POINT (0.6138927783046915 0.6158885392869475),0.42435540253236353,-0.11924159074298356,-0.040096346988231266,0.2650174648011487
0.0,0.0,0.0,POINT (0.5537135563663027 0.469033144827037),-0.2542725307964521,-0.11924159074298356,-0.04009634698823127,-0.413610468527667
1620.653162,0.0,0.0,POINT (0.3959754364347265 0.57003680449281),-0.252420453432139,-0.11924159074298356,-0.04009634698823127,-0.41175839116335383
0.0,0.0,0.0,POINT (0.574944445062137 0.46109533880739),-0.2702913864090656,1.2369697877837875,-0.040096346988231266,0.9265820543864907
0.0,0.0,0.0,POINT (0.4650831637146738 0.6829068435533039),-0.2542725307964521,-0.11924159074298356,-0.04009634698823127,-0.413610468527667
0.0,0.0,0.0,POINT (0.5813957936708276 0.4236072291540831),0.8235937179494179,3.0452516258194815,-0.04009634698823127,3.8287489967806683
0.0,0.0,0.0,POINT (0.4458035206307803 0.6582619130541564),-0.2542725307964521,-0.11924159074298356,-0.040096346988231266,-0.413610468527667
0.0,0.0,0.0,POINT (0.4968278189423242 0.7288388888739887),0.045746910347736265,-0.11924159074298356,-0.04009634698823127,-0.11359102738347857
0.0,0.0,0.0,POINT (0.4183797074244461 0.5329016862486786),-0.2542725307964521,-0.11924159074298356,-0.04009634698823127,-0.413610468527667
0.0,0.0,0.0,POINT (0.6648811586735776 0.6043286005692792),-0.2542725307964521,-0.11924159074298356,-0.040096346988231266,-0.413610468527667
5161.650859,0.0,0.0,POINT (0.6192352351602244 0.6044451912219814),-0.2506783376421987,-0.11924159074298356,-0.04009634698823127,-0.41001627537341356
0.0,0.0,0.0,POINT (0.4582712702957144 0.5724279192878484),0.6072895512271715,-0.11924159074298354,-0.040096346988231266,0.4479516134959567
0.0,0.0,0.0,POINT (0.5543687328128135 0.7658439604438926),0.5274555736081308,-0.11924159074298356,-0.040096346988231266,0.3681176358769159
0.0,0.0,0.0,POINT (0.4503057173000436 0.5076400732792603),-0.25427253079645207,-0.11924159074298354,-0.040096346988231266,-0.4136104685276669
0.0,0.0,0.0,POINT (0.7086321175924472 0.4355226509124482),1.7303355683224495,2.1869676165266587,-0.04009634698823127,3.877206837860877
0.0,0.0,0.0,POINT (0.4647173488875987 0.6056761046538613),0.8749750779140953,-0.11924159074298356,-0.040096346988231266,0.7156371401828805
0.0,0.0,0.0,POINT (0.7014634972473122 0.6444397048829604),0.06861266641159573,-0.11924159074298356,-0.04009634698823127,-0.0907252713196191
7645.224797584391,0.0,0.0,POINT (0.4268446496820459 0.5953289126667363),-0.25141675335858926,-0.11924159074298356,-0.040096346988231266,-0.4107546910898041
-142.1461723,5362.052502,0.0,POINT (0.5635730575900901 0.4254796025258558),0.22352150490605488,-0.11223203603730773,-0.040096346988231266,0.07119312188051588
0.0,0.0,0.0,POINT (0.559630491383288 0.5447539091978499),-0.2542725307964521,-0.11924159074298356,-0.040096346988231266,-0.413610468527667
0.0,0.0,0.0,POINT (0.4789545846216334 0.4247633699144368),-0.2542725307964521,-0.11924159074298356,-0.04009634698823127,-0.413610468527667
0.0,0.0,0.0,POINT (0.6549572733695994 0.4602880830592757),0.6323353890137104,-0.11924159074298356,-0.04009634698823127,0.4729974512824956
0.0,0.0,0.0,POINT (0.4132795896614986 0.5813361475369524),-0.04119719191466931,-0.11924159074298356,-0.040096346988231266,-0.20053512964588416
0.0,0.0,0.0,POINT (0.6627202648612552 0.6171998248378736),-0.2542725307964521,-0.11924159074298356,-0.04009634698823127,-0.413610468527667
0.0,0.0,0.0,POINT (0.6206040037396883 0.484387975504387),-0.2542725307964521,-0.11924159074298356,-0.04009634698823127,-0.413610468527667
0.0,0.0,0.0,POINT (0.6492880719536723 0.6978112007908455),-0.2542725307964521,-0.11924159074298356,-0.04009634698823127,-0.413610468527667
0.0,0.0,0.0,POINT (0.4112735091561186 0.6013544399190216),0.7508832315644417,-0.11924159074298356,-0.040096346988231266,0.5915452938332268
0.0,0.0,0.0,POINT (0.5379158816916222 0.5549496029288948),0.17624106548094498,-0.11924159074298356,-0.040096346988231266,0.016903127749730157
0.0,0.0,0.0,POINT (0.4859239368296174 0.4256677901123326),-0.2542725307964521,-0.11924159074298356,-0.040096346988231266,-0.413610468527667
0.0,0.0,0.0,POINT (0.4737115889880871 0.6754355550734515),-0.2542725307964521,-0.11924159074298356,-0.040096346988231266,-0.413610468527667
0.0,0.0,0.0,POINT (0.7610771470174903 0.4675131551529433),1.908364286289889,1.1248312068179933,-0.04009634698823127,2.9930991461196514
0.0,0.0,0.0,POINT (0.5443464652018816 0.6226564675819677),1.0599979405946471,0.6004843390244129,-0.040096346988231266,1.6203859326308288
0.0,0.0,0.0,POINT (0.4616087367982983 0.6458929339770801),0.16538495704402786,-0.11924159074298356,-0.04009634698823127,0.006047019312813033
0.0,0.0,0.0,POINT (0.4036019239141332 0.544287236629903),-0.07163652604063825,-0.11924159074298354,-0.040096346988231266,-0.23097446377185304
0.0,0.0,0.0,POINT (0.4163959139066075 0.585572296311755),1.2534611127448887,-0.11924159074298356,-0.04009634698823127,1.094123175013674
0.0,0.0,0.0,POINT (0.4220528927459236 0.6196320120315819),0.6072895512271715,-0.11924159074298354,-0.040096346988231266,0.4479516134959567
0.0,0.0,0.0,POINT (0.444542237596042 0.662024130749097),-0.2542725307964521,-0.11924159074298356,-0.04009634698823127,-0.413610468527667
0.0,0.0,0.0,POINT (0.7552302157250522 0.4323884762674621),1.0520744675960616,-0.11924159074298356,-0.04009634698823127,0.8927365298648468
0.0,0.0,0.0,POINT (0.4427723186078299 0.6126116571238742),0.9070448996846572,-0.11924159074298354,-0.040096346988231266,0.7477069619534423
0.0,0.0,0.0,POINT (0.7076426273129298 0.6096971189703824),-0.2542725307964521,-0.11924159074298356,-0.040096346988231266,-0.413610468527667
0.0,0.0,0.0,POINT (0.6491160985934762 0.6253135241534379),0.3274085549139615,-0.11924159074298354,-0.040096346988231266,0.16807061718274668
0.0,0.0,0.0,POINT (0.4363316014529739 0.5619266197189159),0.49959429097421826,-0.11924159074298356,-0.04009634698823127,0.3402563532430034
0.0,0.0,0.0,POINT (0.4997234836494978 0.682196934845446),0.20407384281579216,0.497666349057642,-0.040096346988231266,0.6616438448852029
0.0,0.0,0.0,POINT (0.4766657820034127 0.6237075327291294),1.1720003645676902,0.497666349057642,-0.040096346988231266,1.629570366637101
0.0,0.0,0.0,POINT (0.6658309440889228 0.6710228648385579),0.26234378473642445,-0.11924159074298356,-0.04009634698823127,0.1030058470052096
0.0,0.0,0.0,POINT (0.5223064788537638 0.6965586259430784),0.2804649050844995,0.6004843390244129,-0.040096346988231266,0.8408528971206811
0.0,0.0,0.0,POINT (0.6202384377507763 0.5980341838372352),0.42435540253236353,-0.11924159074298356,-0.040096346988231266,0.2650174648011487
0.0,0.0,0.0,POINT (0.4150895175484368 0.5272181145972579),-0.2542725307964521,-0.11924159074298356,-0.040096346988231266,-0.413610468527667
0.0,0.0,0.0,POINT (0.5314284784776918 0.47283631163299),-0.2542725307964521,-0.11924159074298356,-0.040096346988231266,-0.413610468527667
0.0,0.0,0.0,POINT (0.6623954204718164 0.6779131909994902),-0.2542725307964521,-0.11924159074298356,-0.040096346988231266,-0.413610468527667
0.0,0.0,0.0,POINT (0.6328675418412871 0.722815585539785),-0.25427253079645207,-0.11924159074298354,-0.040096346988231266,-0.4136104685276669
5619.623933,0.0,0.0,POINT (0.6926768712799543 0.4581043488735946),-0.2506883879787233,-0.11924159074298356,-0.04009634698823127,-0.41002632570993813
0.0,0.0,0.0,POINT (0.4947335818428884 0.4941403487514847),-0.2542725307964521,-0.11924159074298356,-0.04009634698823127,-0.413610468527667
0.0,0.0,0.0,POINT (0.5077626475237099 0.5649270516517458),0.26234378473642445,-0.11924159074298356,-0.04009634698823127,0.1030058470052096
3274.4907259213896,0.0,0.0,POINT (0.5097083190036157 0.5654059034649812),-0.2512112234661542,-0.11924159074298356,-0.04009634698823127,-0.41054916119736906
0.0,0.0,0.0,POINT (0.7584593239793378 0.4983848557339305),0.6020172878973751,1.1248312068179933,-0.04009634698823127,1.6867521477271372
0.0,0.0,0.0,POINT (0.5313298822289211 0.5322686377797736),-0.2542725307964521,-0.11924159074298356,-0.040096346988231266,-0.413610468527667
0.0,0.0,0.0,POINT (0.6033706415760848 0.5024739609831097),-0.2542725307964521,-0.11924159074298356,-0.040096346988231266,-0.413610468527667
0.0,0.0,0.0,POINT (0.5946943615997619 0.6806038335100117),-0.25427253079645207,-0.11924159074298354,-0.040096346988231266,-0.4136104685276669
0.0,0.0,0.0,POINT (0.5518346664275384 0.434739270870479),-0.24123949509564682,1.2369697877837875,-0.040096346988231266,0.9556339456999094
0.0,0.0,0.0,POINT (0.5653921951475398 0.6830500539910069),-0.2542725307964521,-0.11924159074298356,-0.04009634698823127,-0.413610468527667
0.0,0.0,0.0,POINT (0.5576883561865762 0.6832650516505191),-0.2542725307964521,-0.11924159074298356,-0.04009634698823127,-0.413610468527667
0.0,0.0,0.0,POINT (0.5522435951905618 0.7269725119680485),-0.25427253079645207,-0.11924159074298354,-0.040096346988231266,-0.4136104685276669
0.0,0.0,0.0,POINT (0.5125969380439814 0.5438756398301301),-0.2542725307964521,-0.11924159074298356,-0.04009634698823127,-0.413610468527667
0.0,0.0,0.0,POINT (0.6107902080397438 0.7814949135311708),0.918319625810422,-0.11924159074298356,-0.04009634698823127,0.7589816880792072
0.0,0.0,0.0,POINT (0.603570153059242 0.6900986252998481),-0.2542725307964521,-0.11924159074298356,-0.040096346988231266,-0.413610468527667
0.0,0.0,0.0,POINT (0.6050960880496671 0.7114582332310632),-0.2542725307964521,-0.11924159074298356,-0.04009634698823127,-0.413610468527667
0.0,0.0,0.0,POINT (0.6448689037028498 0.7476865653032877),-0.25427253079645207,-0.11924159074298354,-0.040096346988231266,-0.4136104685276669
0.0,0.0,0.0,POINT (0.5558049012818058 0.58890926149579),0.11473912315560257,-0.11924159074298354,-0.040096346988231266,-0.04459881457561224
0.0,0.0,0.0,POINT (0.6647097418146957 0.5825185417904132),-0.2542725307964521,-0.11924159074298356,-0.04009634698823127,-0.413610468527667
0.0,0.0,0.0,POINT (0.7515493409981541 0.512700799556262),1.6804956139070588,2.555631380261625,-0.040096346988231266,4.196030647180453
0.0,0.0,0.0,POINT (0.6002898320258636 0.7269762696558772),0.26687953880660303,-0.11924159074298356,-0.04009634698823127,0.10754160107538818
0.0,0.0,0.0,POINT (0.6321361074029077 0.6604361087837278),-0.2542725307964521,-0.11924159074298356,-0.04009634698823127,-0.413610468527667
0.0,0.0,0.0,POINT (0.7856136024878813 0.5037967794690114),0.8343499678639761,-0.11924159074298356,-0.040096346988231266,0.6750120301327612
6138.219195,7062.294262673209,0.0,POINT (0.7431208145090125 0.5296290270321751),-0.25076728108354573,-0.1142522273785808,-0.04009634698823127,-0.40511585545035783
0.0,0.0,0.0,POINT (0.7039798940033896 0.5631034272738747),-0.2542725307964521,-0.11924159074298356,-0.04009634698823127,-0.413610468527667
0.0,0.0,0.0,POINT (0.7025809131962536 0.5947017688693917),-0.2542725307964521,-0.11924159074298356,-0.040096346988231266,-0.413610468527667
0.0,0.0,0.0,POINT (0.4699834341390532 0.4562146981745842),-0.25427253079645207,-0.11924159074298354,-0.040096346988231266,-0.4136104685276669
0.0,0.0,0.0,POINT (0.5944375773191019 0.6416569915046053),-0.2542725307964521,-0.11924159074298356,-0.04009634698823127,-0.413610468527667
0.0,0.0,0.0,POINT (0.5473809442553595 0.7556096311287035),-0.2542725307964521,-0.11924159074298356,-0.04009634698823127,-0.413610468527667
0.0,0.0,0.0,POINT (0.7189647061458868 0.6248907823099853),-0.2542725307964521,-0.11924159074298356,-0.04009634698823127,-0.413610468527667
2659.932547,0.0,0.0,POINT (0.4691061294839146 0.6214484341695004),-0.25158034777166594,-0.11924159074298356,-0.04009634698823127,-0.4109182855028808
0.0,0.0,0.0,POINT (0.6979826208052212 0.6682507647849482),0.11473912315560257,-0.11924159074298354,-0.040096346988231266,-0.04459881457561224
0.0,0.0,0.0,POINT (0.5454487172221694 0.6759277503023721),0.3874123922606897,0.7444295249778922,-0.04009634698823127,1.0917455702503507
0.0,0.0,0.0,POINT (0.4691197955072803 0.4769245609313393),-0.25427253079645207,-0.11924159074298354,-0.040096346988231266,-0.4136104685276669
3274.4907259213896,0.0,0.0,POINT (0.6919278522265649 0.6605535476873188),-0.2512112234661542,-0.11924159074298356,-0.04009634698823127,-0.41054916119736906
0.0,0.0,0.0,POINT (0.6808538434267134 0.5252597983152877),0.4845674023786834,-0.11924159074298356,-0.040096346988231266,0.32522946464746855
0.0,0.0,0.0,POINT (0.588254102289328 0.4499622686894764),0.284660593576483,1.4630050175382494,-0.040096346988231266,1.7075692641265012
0.0,0.0,0.0,POINT (0.6231422357404652 0.7456906655375707),-0.2542725307964521,-0.11924159074298356,-0.04009634698823127,-0.413610468527667
0.0,0.0,0.0,POINT (0.5102196402134086 0.4883781651459926),-0.2542725307964521,-0.11924159074298356,-0.04009634698823127,-0.413610468527667
0.0,0.0,0.0,POINT (0.6297429254043898 0.6889479791233966),-0.2542725307964521,-0.11924159074298356,-0.040096346988231266,-0.413610468527667
0.0,0.0,0.0,POINT (0.5735043745442713 0.7108285028652351),-0.25427253079645207,-0.11924159074298354,-0.040096346988231266,-0.4136104685276669
4067.218294,2439.0687281395003,0.0,POINT (0.5376641068412845 0.657860220966759),0.4219982958685399,-0.11393540896858113,-0.040096346988231266,0.2679665399117275
0.0,0.0,0.0,POINT (0.496844095561793 0.5801250733203587),0.7829102964500151,-0.11924159074298354,-0.040096346988231266,0.6235723587188002
5929.136077,0.0,0.0,POINT (0.4893458470623519 0.6086158015399709),0.4012603234029731,0.7444295249778922,-0.04009634698823127,1.1055935013926341
0.0,0.0,0.0,POINT (0.7325292950184629 0.5738513152830932),-0.2542725307964521,-0.11924159074298356,-0.040096346988231266,-0.413610468527667
0.0,0.0,0.0,POINT (0.4788804122525866 0.5204232883882568),-0.2542725307964521,-0.11924159074298356,-0.04009634698823127,-0.413610468527667
4241.276915,0.0,0.0,POINT (0.5836188802512716 0.4192171769984169),-0.26965698570025465,1.4630050175382494,-0.040096346988231266,1.1532516848497636
0.0,0.0,0.0,POINT (0.7365145154287477 0.4348860215700915),0.5300133115669332,1.5280507001639039,-0.040096346988231266,2.017967664742606
5945.831793,0.0,0.0,POINT (0.5733958279201492 0.7792164791284564),-0.2507295715693372,-0.11924159074298354,-0.040096346988231266,-0.410067509300552
0.0,0.0,0.0,POINT (0 0.3043718039774997),-0.2542725307964521,-0.11924159074298356,-0.04009634698823127,-0.413610468527667
0.0,0.0,0.0,POINT (0.1548267019787959 0.3731331298136541),-0.2542725307964521,-0.11924159074298356,-0.040096346988231266,-0.413610468527667
0.0,0.0,0.0,POINT (0.4789091515350982 0.3896035103787102),-0.2542725307964521,-0.11924159074298356,-0.04009634698823127,-0.413610468527667
0.0,0.0,0.0,POINT (0.1392814439276953 0.4503133717165953),-0.2542725307964521,-0.11924159074298356,-0.04009634698823127,-0.413610468527667
0.0,0.0,0.0,POINT (0.1993343841908802 0.4499958484013336),-0.2542725307964521,-0.11924159074298356,-0.04009634698823127,-0.413610468527667
0.0,0.0,0.0,POINT (0.3972224313657473 0.1346321306496522),-0.2542725307964521,-0.11924159074298356,-0.04009634698823127,-0.413610468527667
0.0,0.0,0.0,POINT (0.4380330557581786 0.136463910530257),-0.2542725307964521,-0.11924159074298356,-0.04009634698823127,-0.413610468527667
0.0,0.0,0.0,POINT (0.3958822625432348 0.1173063457449474),-0.25427253079645207,-0.11924159074298354,-0.040096346988231266,-0.4136104685276669
0.0,0.0,0.0,POINT (0.4512910995813168 0.3623187093000961),-0.2542725307964521,-0.11924159074298356,-0.04009634698823127,-0.413610468527667
0.0,0.0,0.0,POINT (0.2067890813760389 0.3738134247969626),-0.2542725307964521,-0.11924159074298356,-0.040096346988231266,-0.413610468527667
0.0,0.0,0.0,POINT (0.2896086904891732 0.3074394324426167),-0.2542725307964521,-0.11924159074298356,-0.04009634698823127,-0.413610468527667
0.0,0.0,0.0,POINT (0.323760622150264 0.5166342111256891),-0.2542725307964521,-0.11924159074298356,-0.04009634698823127,-0.413610468527667
0.0,0.0,0.0,POINT (0.3320686455410854 0.4750074665013561),-0.2542725307964521,-0.11924159074298356,-0.04009634698823127,-0.413610468527667
0.0,0.0,0.0,POINT (0.259207602037497 0.2701818496758744),0.10206670490374033,-0.11924159074298356,-0.04009634698823127,-0.057271232827474504
0.0,0.0,0.0,POINT (0.2781554068766249 0.2977070550550133),0.04267683228704162,-0.11924159074298356,-0.040096346988231266,-0.1166611054441732
0.0,0.0,0.0,POINT (0.2988136259409445 0.3342965053815747),-0.25427253079645207,-0.11924159074298354,-0.040096346988231266,-0.4136104685276669
0.0,0.0,0.0,POINT (0.3055581455891529 0.2826010083819203),-0.2542725307964521,-0.11924159074298356,-0.04009634698823127,-0.413610468527667
0.0,0.0,0.0,POINT (0.3630842989930904 0.3458900003829237),-0.2542725307964521,-0.11924159074298356,-0.04009634698823127,-0.413610468527667
0.0,0.0,0.0,POINT (0.3473016302776322 0.2673197951100827),0.21228679770275494,-0.11924159074298354,-0.040096346988231266,0.05294885997154013
0.0,0.0,0.0,POINT (0.3885572388281008 0.3446341307632353),-0.2542725307964521,-0.11924159074298356,-0.040096346988231266,-0.413610468527667
0.0,0.0,0.0,POINT (0.3795990241679727 0.3407801070811902),-0.2542725307964521,-0.11924159074298356,-0.040096346988231266,-0.413610468527667
0.0,0.0,0.0,POINT (0.4171216941589993 0.3677864272026093),-0.25427253079645207,-0.11924159074298354,-0.040096346988231266,-0.4136104685276669
0.0,0.0,0.0,POINT (0.4370167372053571 0.4184465880695234),-0.2542725307964521,-0.11924159074298356,-0.04009634698823127,-0.413610468527667
0.0,0.0,0.0,POINT (0.3931662392523463 0.3168362041452932),-0.25427253079645207,-0.11924159074298354,-0.040096346988231266,-0.4136104685276669
0.0,0.0,0.0,POINT (0.3727460173908005 0.2818307134176238),0.21228679770275494,-0.11924159074298354,-0.040096346988231266,0.05294885997154013
0.0,0.0,0.0,POINT (0.3880088623409832 0.376064706114952),-0.25427253079645207,-0.11924159074298354,-0.040096346988231266,-0.4136104685276669
0.0,0.0,0.0,POINT (0.4048672825936185 0.4564217932357322),-0.2542725307964521,-0.11924159074298356,-0.04009634698823127,-0.413610468527667
0.0,0.0,0.0,POINT (0.3301695415332034 0.2191979787713756),0.21228679770275494,-0.11924159074298354,-0.040096346988231266,0.05294885997154013
0.0,0.0,0.0,POINT (0.3575623380222863 0.3622153623974468),-0.2542725307964521,-0.11924159074298356,-0.04009634698823127,-0.413610468527667
0.0,0.0,0.0,POINT (0.3336963336515848 0.3007656904707477),-0.2542725307964521,-0.11924159074298356,-0.040096346988231266,-0.413610468527667
0.0,0.0,0.0,POINT (0.323500935081941 0.4213186231399973),-0.25427253079645207,-0.11924159074298354,-0.040096346988231266,-0.4136104685276669
0.0,0.0,0.0,POINT (0.2855490189138372 0.3690232360780062),-0.25427253079645207,-0.11924159074298354,-0.040096346988231266,-0.4136104685276669
0.0,0.0,0.0,POINT (0.2699554025805183 0.270441982698643),0.0606808620688486,-0.11924159074298354,-0.040096346988231266,-0.0986570756623662
2258.59983027954,0.0,0.0,POINT (0.2640404258474718 0.2802491597981095),-0.2518726547058504,-0.11924159074298356,-0.040096346988231266,-0.41121059243706526
0.0,0.0,0.0,POINT (0.245802011509746 0.3386423309430083),-0.2542725307964521,-0.11924159074298356,-0.04009634698823127,-0.413610468527667
0.0,0.0,0.0,POINT (0.2184616149810911 0.1603941168712923),-0.2542725307964521,-0.11924159074298356,-0.04009634698823127,-0.413610468527667
0.0,0.0,0.0,POINT (0.2027455054096647 0.1842749172258621),-0.2542725307964521,-0.11924159074298356,-0.04009634698823127,-0.413610468527667
0.0,0.0,0.0,POINT (0.2184440142679024 0.2323307221047214),-0.2542725307964521,-0.11924159074298356,-0.040096346988231266,-0.413610468527667
0.0,0.0,0.0,POINT (0.2523218669116015 0.2900938349447342),0.10206670490374033,-0.11924159074298356,-0.04009634698823127,-0.057271232827474504
0.0,0.0,0.0,POINT (0.3174741985075663 0.3824970379469363),-0.25427253079645207,-0.11924159074298354,-0.040096346988231266,-0.4136104685276669
0.0,0.0,0.0,POINT (0.2448158955034239 0.2910935635635363),-0.2542725307964521,-0.11924159074298356,-0.04009634698823127,-0.413610468527667
0.0,0.0,0.0,POINT (0.2856896135999511 0.2960239287388131),0.10206670490374033,-0.11924159074298356,-0.04009634698823127,-0.057271232827474504
0.0,0.0,0.0,POINT (0.3360388715859939 0.3356677048410367),-0.25427253079645207,-0.11924159074298354,-0.040096346988231266,-0.4136104685276669
0.0,0.0,0.0,POINT (0.2440656961828888 0.5040753843648081),-0.25427253079645207,-0.11924159074298354,-0.040096346988231266,-0.4136104685276669
0.0,0.0,0.0,POINT (0.1183701186503701 0.4799265558485376),-0.2542725307964521,-0.11924159074298356,-0.040096346988231266,-0.413610468527667
0.0,0.0,0.0,POINT (0.310530289906255 0.4775082632816284),-0.2542725307964521,-0.11924159074298356,-0.04009634698823127,-0.413610468527667
0.0,0.0,0.0,POINT (0.3051350874113775 0.5093060163955027),-0.2542725307964521,-0.11924159074298356,-0.040096346988231266,-0.413610468527667
0.0,0.0,0.0,POINT (0.3035624410809602 0.4817759707524059),-0.2542725307964521,-0.11924159074298356,-0.040096346988231266,-0.413610468527667
0.0,0.0,0.0,POINT (0.3072790475446847 0.486520864977555),-0.25427253079645207,-0.11924159074298354,-0.040096346988231266,-0.4136104685276669
0.0,0.0,0.0,POINT (0.0936997494025719 0.4081911848574014),-0.2542725307964521,-0.11924159074298356,-0.040096346988231266,-0.413610468527667
0.0,0.0,0.0,POINT (0.0663753845619148 0.3391639368758402),-0.2542725307964521,-0.11924159074298356,-0.04009634698823127,-0.413610468527667
0.0,0.0,0.0,POINT (0.1058470892972427 0.3232967601076483),-0.2542725307964521,-0.11924159074298356,-0.04009634698823127,-0.413610468527667
0.0,0.0,0.0,POINT (0.2824138242283858 0.5056510103816474),-0.2542725307964521,-0.11924159074298356,-0.040096346988231266,-0.413610468527667
0.0,0.0,0.0,POINT (0.08625813778896 0.261887810322927),-0.25427253079645207,-0.11924159074298354,-0.040096346988231266,-0.4136104685276669
0.0,0.0,0.0,POINT (0.2101920097594667 0.5028822795084196),-0.2542725307964521,-0.11924159074298356,-0.04009634698823127,-0.413610468527667
0.0,0.0,0.0,POINT (0.3406613599816814 0.3488545457526546),-0.2542725307964521,-0.11924159074298356,-0.04009634698823127,-0.413610468527667
0.0,0.0,0.0,POINT (0.341806030378088 0.4203035775750167),-0.2542725307964521,-0.11924159074298356,-0.04009634698823127,-0.413610468527667
0.0,0.0,0.0,POINT (0.3606422360422183 0.4456697411016716),-0.2542725307964521,-0.11924159074298356,-0.04009634698823127,-0.413610468527667
0.0,0.0,0.0,POINT (0.3410926911149976 0.4637493959726202),-0.2542725307964521,-0.11924159074298356,-0.04009634698823127,-0.413610468527667
0.0,0.0,0.0,POINT (0.3348605429353284 0.4444830868308645),-0.2542725307964521,-0.11924159074298356,-0.040096346988231266,-0.413610468527667
0.0,0.0,0.0,POINT (0.3031847325405911 0.4458533191818336),-0.25427253079645207,-0.11924159074298354,-0.040096346988231266,-0.4136104685276669
0.0,0.0,0.0,POINT (0.302281351604344 0.4875406330474641),-0.2542725307964521,-0.11924159074298356,-0.04009634698823127,-0.413610468527667
0.0,0.0,0.0,POINT (0.2910975498292623 0.4951574455226064),-0.2542725307964521,-0.11924159074298356,-0.040096346988231266,-0.413610468527667
0.0,0.0,0.0,POINT (0.3096412977516273 0.5131218108161159),-0.2542725307964521,-0.11924159074298356,-0.04009634698823127,-0.413610468527667
0.0,0.0,0.0,POINT (0.3282527090209636 0.5177052072350797),-0.25427253079645207,-0.11924159074298354,-0.040096346988231266,-0.4136104685276669
0.0,0.0,0.0,POINT (0.3603011812783537 0.4802178756523009),-0.2542725307964521,-0.11924159074298356,-0.04009634698823127,-0.413610468527667
0.0,0.0,0.0,POINT (0.3533923535147868 0.4042926036633059),-0.25427253079645207,-0.11924159074298354,-0.040096346988231266,-0.4136104685276669
0.0,0.0,0.0,POINT (0.3909997225744914 0.4636852214414664),-0.2542725307964521,-0.11924159074298356,-0.040096346988231266,-0.413610468527667
0.0,0.0,0.0,POINT (0.3802336570057263 0.4381061867973536),-0.2542725307964521,-0.11924159074298356,-0.04009634698823127,-0.413610468527667
0.0,0.0,0.0,POINT (0.3533671026567455 0.3088924864000483),-0.2542725307964521,-0.11924159074298356,-0.040096346988231266,-0.413610468527667
0.0,0.0,0.0,POINT (0.4037637123325008 0.460304348877437),-0.2542725307964521,-0.11924159074298356,-0.040096346988231266,-0.413610468527667
0.0,0.0,0.0,POINT (0.364085882960252 0.3965686757651812),-0.2542725307964521,-0.11924159074298356,-0.04009634698823127,-0.413610468527667
0.0,0.0,0.0,POINT (0.3589602879918309 0.4428235002761745),-0.2542725307964521,-0.11924159074298356,-0.040096346988231266,-0.413610468527667
0.0,0.0,0.0,POINT (0.2459651093373356 0.282068687215711),0.04267683228704162,-0.11924159074298356,-0.040096346988231266,-0.1166611054441732
0.0,0.0,0.0,POINT (0.2567666057317517 0.4377730144250333),-0.2542725307964521,-0.11924159074298356,-0.040096346988231266,-0.413610468527667
0.0,0.0,0.0,POINT (0.2917047004066715 0.3140858764765342),-0.2542725307964521,-0.11924159074298356,-0.04009634698823127,-0.413610468527667
0.0,0.0,0.0,POINT (0.3510178502420317 0.0802370440610383),-0.2542725307964521,-0.11924159074298356,-0.04009634698823127,-0.413610468527667
0.0,0.0,0.0,POINT (0.364991833155911 0.0888677913235204),-0.2542725307964521,-0.11924159074298356,-0.04009634698823127,-0.413610468527667
0.0,0.0,0.0,POINT (0.3730800239814242 0.0864182035604091),-0.2542725307964521,-0.11924159074298356,-0.04009634698823127,-0.413610468527667
0.0,0.0,0.0,POINT (0.3731686297957109 0.0651648395766069),-0.2542725307964521,-0.11924159074298356,-0.040096346988231266,-0.413610468527667
0.0,0.0,0.0,POINT (0.409558398547884 0.1910244330561074),-0.2542725307964521,-0.11924159074298356,-0.04009634698823127,-0.413610468527667
0.0,0.0,0.0,POINT (0.3965267765171949 0.0642745712291983),-0.2542725307964521,-0.11924159074298356,-0.04009634698823127,-0.413610468527667
0.0,0.0,0.0,POINT (0.4033896101672599 0.0805575561440596),-0.2542725307964521,-0.11924159074298356,-0.04009634698823127,-0.413610468527667
0.0,0.0,0.0,POINT (0.4241780119673412 0.3787210951172572),-0.2542725307964521,-0.11924159074298356,-0.04009634698823127,-0.413610468527667
0.0,0.0,0.0,POINT (0.3971940825851813 0.2352156050017244),-0.2542725307964521,-0.11924159074298356,-0.04009634698823127,-0.413610468527667
0.0,0.0,0.0,POINT (0.3905292562397705 0.149062280258426),-0.25427253079645207,-0.11924159074298354,-0.040096346988231266,-0.4136104685276669
0.0,0.0,0.0,POINT (0.4382232930610685 0.4248931572939914),-0.2542725307964521,-0.11924159074298356,-0.04009634698823127,-0.413610468527667
0.0,0.0,0.0,POINT (0.3942138395311133 0.2643214770551773),0.39891052910243757,-0.11924159074298356,-0.04009634698823127,0.23957259137122272
0.0,0.0,0.0,POINT (0.4200147436357004 0.3508149323254101),-0.2542725307964521,-0.11924159074298356,-0.04009634698823127,-0.413610468527667
0.0,0.0,0.0,POINT (0.4143421967743672 0.448707399254723),-0.25427253079645207,-0.11924159074298354,-0.040096346988231266,-0.4136104685276669
0.0,0.0,0.0,POINT (0.4280762794938021 0.4031193718486089),-0.25427253079645207,-0.11924159074298354,-0.040096346988231266,-0.4136104685276669
0.0,0.0,0.0,POINT (0.474680450015409 0.3917913444213367),-0.25427253079645207,-0.11924159074298354,-0.040096346988231266,-0.4136104685276669
0.0,0.0,0.0,POINT (0.4475170562502415 0.3737739602191733),-0.2542725307964521,-0.11924159074298356,-0.040096346988231266,-0.413610468527667
0.0,0.0,0.0,POINT (0.452040432207102 0.2783734186664962),0.40235647870544533,-0.11924159074298354,-0.040096346988231266,0.24301854097423048
0.0,0.0,0.0,POINT (0.423038077613843 0.1768805086673456),-0.2542725307964521,-0.11924159074298356,-0.04009634698823127,-0.413610468527667
0.0,0.0,0.0,POINT (0.4026226702137121 0.1854278368867248),-0.2542725307964521,-0.11924159074298356,-0.04009634698823127,-0.413610468527667
0.0,0.0,0.0,POINT (0.4139967171170123 0.2179604173266353),-0.25427253079645207,-0.11924159074298354,-0.040096346988231266,-0.4136104685276669
0.0,0.0,0.0,POINT (0.4512555673113473 0.2617718743737292),-0.25427253079645207,-0.11924159074298354,-0.040096346988231266,-0.4136104685276669
0.0,0.0,0.0,POINT (0.0518991953906873 0.4516495775785271),-0.2542725307964521,-0.11924159074298356,-0.04009634698823127,-0.413610468527667
0.0,0.0,0.0,POINT (0.4430969013994579 0.2396044449464442),-0.2542725307964521,-0.11924159074298356,-0.04009634698823127,-0.413610468527667
0.0,0.0,0.0,POINT (0.4520067164431432 0.3435729674725978),0.5117946469557615,-0.11924159074298356,-0.040096346988231266,0.35245670922454664
0.0,0.0,0.0,POINT (0.4165148961206807 0.2010769850811408),-0.2542725307964521,-0.11924159074298356,-0.04009634698823127,-0.413610468527667
0.0,0.0,0.0,POINT (0.4300576587989003 0.249489819239972),-0.2542725307964521,-0.11924159074298356,-0.04009634698823127,-0.413610468527667
0.0,0.0,0.0,POINT (0.4814292425048307 0.3715292336930146),0.3202778525177081,-0.11924159074298356,-0.04009634698823127,0.16093991478649322
0.0,0.0,0.0,POINT (0.4307896578096228 0.1212372577458149),-0.2542725307964521,-0.11924159074298356,-0.040096346988231266,-0.413610468527667
0.0,0.0,0.0,POINT (0.3779171633647374 0.2694323491301686),0.5622062940771599,-0.11924159074298356,-0.04009634698823127,0.4028683563459451
0.0,0.0,0.0,POINT (0.3321690819536343 0.1054616366984933),0.18039340558118572,-0.11924159074298356,-0.04009634698823127,0.021055467849970887
0.0,0.0,0.0,POINT (0.3276417493926722 0.1547008005214173),0.32528205104039837,-0.11924159074298356,-0.040096346988231266,0.16594411330918352
0.0,0.0,0.0,POINT (0.3133472835737492 0.0917442369561058),0.32528205104039837,-0.11924159074298356,-0.040096346988231266,0.16594411330918352
0.0,0.0,0.0,POINT (0.2534499231509146 0.443366427146068),-0.2542725307964521,-0.11924159074298356,-0.040096346988231266,-0.413610468527667
0.0,0.0,0.0,POINT (0.3106004826593397 0.3637349412700231),-0.2542725307964521,-0.11924159074298356,-0.04009634698823127,-0.413610468527667
0.0,0.0,0.0,POINT (0.3194937722399588 0.3110251038653326),-0.2542725307964521,-0.11924159074298356,-0.040096346988231266,-0.413610468527667
0.0,0.0,0.0,POINT (0.3365403441198893 0.2848985665379382),-0.2542725307964521,-0.11924159074298356,-0.04009634698823127,-0.413610468527667
0.0,0.0,0.0,POINT (0.3635801907743013 0.3022136374514532),-0.2542725307964521,-0.11924159074298356,-0.04009634698823127,-0.413610468527667
4140.097414,0.0,0.0,POINT (0.3718479535605926 0.2629935993306048),-0.25085337986552175,-0.11924159074298356,-0.040096346988231266,-0.4101913175967366
0.0,0.0,0.0,POINT (0.3800280526054442 0.2009023654957017),-0.2542725307964521,-0.11924159074298356,-0.04009634698823127,-0.413610468527667
0.0,0.0,0.0,POINT (0.3930504157367862 0.2400567319290256),0.29004668578595605,-0.11924159074298356,-0.040096346988231266,0.1307087480547412
0.0,0.0,0.0,POINT (0.3979556666291285 0.2828968794738302),-0.25427253079645207,-0.11924159074298354,-0.040096346988231266,-0.4136104685276669
0.0,0.0,0.0,POINT (0.3781924181965255 0.1807973544653095),-0.2542725307964521,-0.11924159074298356,-0.04009634698823127,-0.413610468527667
0.0,0.0,0.0,POINT (0.4189032617973132 0.3219736331755907),-0.2542725307964521,-0.11924159074298356,-0.040096346988231266,-0.413610468527667
0.0,0.0,0.0,POINT (0.4140890065277858 0.3439531092835332),-0.2542725307964521,-0.11924159074298356,-0.04009634698823127,-0.413610468527667
0.0,0.0,0.0,POINT (0.434512195069172 0.4553093731816817),-0.2542725307964521,-0.11924159074298356,-0.040096346988231266,-0.413610468527667
0.0,0.0,0.0,POINT (0.3524021028124188 0.2886694338479935),-0.2542725307964521,-0.11924159074298356,-0.040096346988231266,-0.413610468527667
0.0,0.0,0.0,POINT (0.4467314277615166 0.1952374937151628),-0.2542725307964521,-0.11924159074298356,-0.04009634698823127,-0.413610468527667
4408.09795509274,0.0,0.0,POINT (0.3161685426335754 0.151367684194237),-0.18984807097318715,-0.11924159074298354,-0.040096346988231266,-0.349186008704402
536.1952744,0.0,0.0,POINT (0.2839545734475039 0.2160960164800154),0.32595159494787757,-0.11924159074298356,-0.040096346988231266,0.16661365721666271
0.0,0.0,0.0,POINT (0.2715308798726711 0.2129686792053473),-0.14852813790741656,-0.11924159074298356,-0.04009634698823127,-0.3078660756386314
0.0,0.0,0.0,POINT (0.2365431938297164 0.2477576891461854),-0.2542725307964521,-0.11924159074298356,-0.04009634698823127,-0.413610468527667
0.0,0.0,0.0,POINT (0.2506873686255791 0.2249170151840653),-0.1938471634312889,-0.11924159074298354,-0.040096346988231266,-0.35318510116250373
0.0,0.0,0.0,POINT (0.2568799661006268 0.0831504314079483),-0.2542725307964521,-0.11924159074298356,-0.04009634698823127,-0.413610468527667
0.0,0.0,0.0,POINT (0.2468155868717607 0.0852797555947815),-0.2542725307964521,-0.11924159074298356,-0.04009634698823127,-0.413610468527667
0.0,0.0,0.0,POINT (0.2267592427816101 0.1377308242096199),-0.2542725307964521,-0.11924159074298356,-0.04009634698823127,-0.413610468527667
0.0,0.0,0.0,POINT (0.2398128515211012 0.1921076492014325),-0.25427253079645207,-0.11924159074298354,-0.040096346988231266,-0.4136104685276669
0.0,0.0,0.0,POINT (0.1931538496040578 0.2998928804274686),-0.2542725307964521,-0.11924159074298356,-0.04009634698823127,-0.413610468527667
0.0,0.0,0.0,POINT (0.2743776115929782 0.2081086359261901),0.5257884817189968,-0.11924159074298356,-0.04009634698823127,0.366450543987782
0.0,0.0,0.0,POINT (0.2805279700861317 0.1467430097346794),0.1320971904281148,-0.11924159074298356,-0.04009634698823127,-0.027240747303100034
0.0,0.0,0.0,POINT (0.2787008575471855 0.0845359804607721),-0.2542725307964521,-0.11924159074298356,-0.04009634698823127,-0.413610468527667
0.0,0.0,0.0,POINT (0.2846632852310528 0.0655303723912487),-0.2542725307964521,-0.11924159074298356,-0.04009634698823127,-0.413610468527667
0.0,0.0,0.0,POINT (0.3145891495356237 0.3559117822756465),-0.2542725307964521,-0.11924159074298356,-0.04009634698823127,-0.413610468527667
0.0,0.0,0.0,POINT (0.3055901481818486 0.2227865116297032),0.3029139067145829,-0.11924159074298354,-0.040096346988231266,0.1435759689833681
0.0,0.0,0.0,POINT (0.3322506241987221 0.0730697358241188),-0.2542725307964521,-0.11924159074298356,-0.04009634698823127,-0.413610468527667
